user_id,session_id,timestamp,keys_per_min,avg_pause_sec,max_pause_sec,error_rate,task_duration_sec,interaction_variance,session_length_min,fatigue_level,typing_speed_variation,pause_growth_rate,error_spike_ratio,effort_efficiency,fatigue_trend
0,0,2026-02-03 20:29:57.259329,254,0.47,2.07,0.009,309,0.33,60,0,0.0,0.0,0.09740154327334118,0.8193548387096774,8.0
0,0,2026-02-03 20:34:57.259358,246,0.66,1.44,0.031,351,0.18,66,0,0.0,0.19000000000000006,0.3354942046081752,0.6988636363636364,40.0
0,0,2026-02-03 20:39:57.259375,206,0.94,2.36,0.049,366,0.36,73,0,25.71640202931455,0.2799999999999999,0.5302972911548576,0.5613079019073569,18.0
0,0,2026-02-03 20:44:57.259389,188,1.21,2.48,0.076,417,0.51,80,1,29.687258770949764,0.27,0.8225019209748811,0.44976076555023925,3.0
0,0,2026-02-03 20:49:57.259403,185,1.69,2.29,0.081,506,0.6,86,1,11.357816691600572,0.48,0.8766138894600707,0.36489151873767256,9.0
0,0,2026-02-03 20:54:57.259416,176,1.68,2.92,0.102,546,0.51,93,1,6.244997998398444,-0.010000000000000009,1.1038841570978668,0.3217550274223035,4.0
0,0,2026-02-03 20:59:57.259427,172,1.77,3.09,0.122,593,0.6,100,2,6.6583281184794325,0.09000000000000008,1.3203320310386248,0.2895622895622896,32.0
0,0,2026-02-03 21:04:57.259438,140,2.6,3.64,0.131,621,0.59,106,2,19.731531449264995,0.8300000000000001,1.4177335743119661,0.22508038585209003,-6.0
0,0,2026-02-03 21:09:57.259450,146,2.65,3.26,0.159,682,0.92,113,2,17.00980109623077,0.04999999999999982,1.7207605978290277,0.21376281112737922,9.0
0,0,2026-02-03 21:14:57.259462,137,2.96,3.63,0.164,709,1.0,120,2,4.58257569495584,0.31000000000000005,1.7748725663142173,0.19295774647887323,0.0
0,1,2026-02-03 20:29:57.259503,245,0.46,1.43,0.032,273,0.38,60,0,0.0,0.0,0.34371274207581015,0.8941605839416058,6.0
0,1,2026-02-03 20:34:57.259515,239,0.57,2.14,0.036,355,0.52,66,0,0.0,0.10999999999999993,0.38667683483528636,0.6713483146067416,17.0
0,1,2026-02-03 20:39:57.259526,222,1.37,2.65,0.049,387,0.29,73,0,11.930353445448858,0.8000000000000002,0.5263101363035843,0.5721649484536082,2.0
0,1,2026-02-03 20:44:57.259537,220,1.51,2.38,0.07,477,0.45,80,1,10.440306508910558,0.1399999999999999,0.7518716232908347,0.4602510460251046,32.0
0,1,2026-02-03 20:49:57.259548,188,1.51,3.4,0.092,512,0.59,86,1,19.078784028338916,0.0,0.9881741334679541,0.3664717348927875,2.0
0,1,2026-02-03 20:54:57.259559,186,2.16,4.0,0.105,501,0.6,93,1,19.078784028338916,0.6500000000000001,1.127807434936252,0.3705179282868526,20.0
0,1,2026-02-03 20:59:57.259570,166,1.87,3.6,0.093,577,0.66,100,2,12.165525060596446,-0.29000000000000004,0.9989151566578232,0.28719723183391005,13.0
0,1,2026-02-03 21:04:57.259581,153,2.54,3.52,0.135,667,0.78,106,2,16.623276853055586,0.6699999999999999,1.450038130632324,0.22904191616766467,8.0
0,1,2026-02-03 21:09:57.259596,145,2.71,4.65,0.153,605,0.73,113,2,10.598742063723112,0.16999999999999993,1.6433765480499671,0.23927392739273928,25.0
0,1,2026-02-03 21:14:57.259607,120,3.02,4.27,0.166,694,0.93,120,2,17.214335111567152,0.31000000000000005,1.7830098495182651,0.17266187050359713,0.0
0,2,2026-02-03 20:29:57.259632,249,0.27,2.25,0.028,265,0.22,60,0,0.0,0.0,0.2797174853398068,0.9360902255639098,5.0
0,2,2026-02-03 20:34:57.259643,244,0.62,2.07,0.051,362,0.59,66,0,0.0,0.35,0.5094854197260765,0.6721763085399449,31.0
0,2,2026-02-03 20:39:57.259655,213,0.94,1.5,0.07,415,0.43,73,0,19.502136635080102,0.31999999999999995,0.699293713349517,0.5120192307692307,7.0
0,2,2026-02-03 20:44:57.259666,206,1.46,2.22,0.058,405,0.65,80,1,20.22374841615669,0.52,0.5794147910610283,0.5073891625615764,18.0
0,2,2026-02-03 20:49:57.259676,188,1.55,3.44,0.083,494,0.67,86,1,12.897028081435415,0.09000000000000008,0.829162545828713,0.3797979797979798,0.0
0,2,2026-02-03 20:54:57.259687,188,2.16,3.02,0.129,530,0.71,93,1,10.392304845413284,0.6100000000000001,1.2886984146012526,0.3540489642184557,31.0
0,2,2026-02-03 20:59:57.259699,157,1.9,3.49,0.126,603,0.72,100,2,17.897858344878394,-0.26000000000000023,1.2587286840291305,0.2599337748344371,-8.0
0,2,2026-02-03 21:04:57.259710,165,2.48,4.02,0.124,575,0.83,106,2,16.093476939431074,0.5800000000000001,1.2387488636477157,0.2864583333333333,32.0
0,2,2026-02-03 21:09:57.259720,133,2.88,3.87,0.161,693,0.88,113,2,16.65332799572905,0.3999999999999999,1.6083755407038889,0.19164265129682997,-6.0
0,2,2026-02-03 21:14:57.259730,139,2.83,3.88,0.171,673,0.82,120,2,17.009801096230753,-0.04999999999999982,1.708274642610963,0.2062314540059347,0.0
0,3,2026-02-03 20:29:57.259750,249,0.57,2.41,0.032,316,0.57,60,0,0.0,0.0,0.32619443226878425,0.7854889589905363,12.0
0,3,2026-02-03 20:34:57.259760,237,0.5,2.08,0.036,312,0.41,66,0,0.0,-0.06999999999999995,0.36696873630238225,0.7571884984025559,16.0
0,3,2026-02-03 20:39:57.259771,221,1.2,1.72,0.052,411,0.39,73,0,14.04753833713698,0.7,0.5300659524367743,0.5364077669902912,4.0
0,3,2026-02-03 20:44:57.259781,217,1.54,2.52,0.067,439,0.38,80,1,10.583005244258352,0.3400000000000001,0.682969592562767,0.49318181818181817,19.0
0,3,2026-02-03 20:49:57.259791,198,1.69,3.05,0.089,453,0.67,86,1,12.288205727444499,0.1499999999999999,0.9072282647475561,0.43612334801762115,15.0
0,3,2026-02-03 20:54:57.259802,183,2.06,3.61,0.114,480,0.54,93,1,17.03917055884274,0.3700000000000001,1.1620676649575439,0.3804573804573805,8.0
0,3,2026-02-03 20:59:57.259812,175,2.27,4.07,0.12,592,0.84,100,2,11.676186592091335,0.20999999999999996,1.223229121007941,0.2951096121416526,19.0
0,3,2026-02-03 21:04:57.259822,156,2.71,4.4,0.147,601,0.84,106,2,13.868429375143158,0.43999999999999995,1.4984556732347274,0.2591362126245847,21.0
0,3,2026-02-03 21:09:57.259833,135,2.67,4.04,0.153,639,0.65,113,2,20.00833159794524,-0.040000000000000036,1.5596171292851246,0.2109375,2.0
0,3,2026-02-03 21:14:57.259844,133,2.92,3.48,0.171,685,1.01,120,2,12.741009902410958,0.25,1.743101497436316,0.19387755102040816,0.0
0,4,2026-02-03 20:29:57.259863,250,0.28,1.93,0.025,261,0.54,60,0,0.0,0.0,0.2738195638601987,0.9541984732824428,-5.0
0,4,2026-02-03 20:34:57.259873,255,1.05,3.01,0.045,283,0.39,66,0,0.0,0.77,0.49287521494835757,0.897887323943662,39.0
0,4,2026-02-03 20:39:57.259886,216,1.23,2.39,0.046,438,0.4,73,0,21.22105872319601,0.17999999999999994,0.5038279975027655,0.4920273348519362,10.0
0,4,2026-02-03 20:44:57.259897,206,1.4,2.97,0.054,395,0.59,80,1,25.890796305508516,0.16999999999999993,0.5914502579380291,0.5202020202020202,-11.0
0,4,2026-02-03 20:49:57.259907,217,1.82,2.95,0.079,439,0.54,86,1,6.082762530298219,0.42000000000000015,0.8652698217982278,0.49318181818181817,15.0
0,4,2026-02-03 20:54:57.259917,202,1.89,3.1,0.094,514,0.51,93,1,7.767453465154032,0.06999999999999984,1.029561560114347,0.39223300970873787,16.0
0,4,2026-02-03 20:59:57.259928,186,1.88,3.33,0.119,552,0.71,100,2,15.502687938977978,-0.010000000000000009,1.3033811239745456,0.33634719710669075,6.0
0,4,2026-02-03 21:04:57.259938,180,2.53,3.27,0.146,617,0.71,106,2,11.37248140615465,0.6499999999999999,1.59910625294356,0.2912621359223301,36.0
0,4,2026-02-03 21:09:57.259948,144,2.65,4.56,0.134,693,0.77,113,2,22.715633383201094,0.1200000000000001,1.467672862290665,0.207492795389049,-7.0
0,4,2026-02-03 21:14:57.259959,151,3.14,4.22,0.171,708,0.84,120,2,19.08751773629388,0.4900000000000002,1.872925816803759,0.21297602256699577,0.0
1,0,2026-02-03 20:29:57.259978,247,0.4,2.17,0.014,289,0.4,60,0,0.0,0.0,0.15350708873806207,0.8517241379310345,-4.0
1,0,2026-02-03 20:34:57.259989,251,0.85,2.56,0.042,319,0.31,66,0,0.0,0.44999999999999996,0.46052126621418626,0.784375,21.0
1,0,2026-02-03 20:39:57.259999,230,1.18,3.17,0.035,352,0.37,73,0,11.150485789118484,0.32999999999999996,0.38376772184515523,0.6515580736543909,9.0
1,0,2026-02-03 20:44:57.260010,221,1.64,3.27,0.066,472,0.5,80,1,15.394804318340649,0.45999999999999996,0.7236762754794356,0.46723044397463004,18.0
1,0,2026-02-03 20:49:57.260020,203,1.55,2.63,0.084,459,0.76,86,1,13.747727084867515,-0.08999999999999986,0.9210425324283725,0.44130434782608696,10.0
1,0,2026-02-03 20:54:57.260030,193,1.53,2.52,0.099,556,0.71,93,1,14.189197769195168,-0.020000000000000018,1.0855144132191532,0.3464991023339318,17.0
1,0,2026-02-03 20:59:57.260041,176,2.29,2.93,0.113,566,0.49,100,2,13.650396819628833,0.76,1.2390215019572153,0.31040564373897706,2.0
1,0,2026-02-03 21:04:57.260052,174,2.38,3.06,0.145,623,0.71,106,2,10.440306508910528,0.08999999999999986,1.5898948476442143,0.27884615384615385,39.0
1,0,2026-02-03 21:09:57.260063,135,2.77,3.4,0.149,661,0.89,113,2,23.11565126344773,0.3900000000000001,1.6337540158550892,0.2039274924471299,-3.0
1,0,2026-02-03 21:14:57.260073,138,3.23,5.15,0.165,678,0.88,120,2,21.70253441421069,0.45999999999999996,1.809190688698589,0.203240058910162,0.0
1,1,2026-02-03 20:29:57.260092,253,0.8,1.94,0.017,299,0.23,60,0,0.0,0.0,0.17875732116381532,0.8433333333333334,17.0
1,1,2026-02-03 20:34:57.260103,236,1.03,2.41,0.044,341,0.41,66,0,0.0,0.22999999999999998,0.4626660077181102,0.6900584795321637,6.0
1,1,2026-02-03 20:39:57.260114,230,0.98,1.82,0.054,418,0.48,73,0,11.930353445448851,-0.050000000000000044,0.5678173731085898,0.548926014319809,20.0
1,1,2026-02-03 20:44:57.260125,210,1.79,3.33,0.074,497,0.42,80,1,13.61371857110809,0.81,0.7781201038895489,0.42168674698795183,5.0
1,1,2026-02-03 20:49:57.260136,205,1.65,2.22,0.086,507,0.42,86,1,13.228756555322953,-0.14000000000000012,0.9043017423581244,0.4035433070866142,14.0
1,1,2026-02-03 20:54:57.260147,191,1.86,2.89,0.09,499,0.65,93,1,9.848857801796104,0.2100000000000002,0.9463622885143163,0.382,18.0
1,1,2026-02-03 20:59:57.260158,173,2.54,3.5,0.126,595,0.77,100,2,16.04161255402128,0.6799999999999999,1.324907203920043,0.2902684563758389,2.0
1,1,2026-02-03 21:04:57.260168,171,2.58,4.38,0.135,646,0.72,106,2,11.015141094572195,0.040000000000000036,1.4195434327714747,0.2642967542503864,45.0
1,1,2026-02-03 21:09:57.260179,126,2.99,4.94,0.156,663,0.59,113,2,26.576932353703523,0.41000000000000014,1.6403613000914816,0.1897590361445783,6.0
1,1,2026-02-03 21:14:57.260189,120,2.98,4.78,0.169,700,0.9,120,2,27.8747197295327,-0.010000000000000231,1.7770580750991052,0.17118402282453637,0.0
1,2,2026-02-03 20:29:57.260207,245,0.62,1.8,0.006,316,0.41,60,0,0.0,0.0,0.06355864874312772,0.7728706624605678,-7.0
1,2,2026-02-03 20:34:57.260217,252,0.61,2.12,0.034,390,0.38,66,0,0.0,-0.010000000000000009,0.3601656762110571,0.6445012787723785,17.0
1,2,2026-02-03 20:39:57.260228,235,1.07,2.4,0.064,393,0.33,73,0,8.54400374531753,0.4600000000000001,0.6779589199266958,0.5964467005076142,28.0
1,2,2026-02-03 20:44:57.260238,207,1.63,2.45,0.079,465,0.32,80,1,22.72296928953902,0.5599999999999998,0.836855541784515,0.44420600858369097,23.0
1,2,2026-02-03 20:49:57.260249,184,1.2,3.06,0.089,412,0.52,86,1,25.540817005987368,-0.42999999999999994,0.9427866230230612,0.44552058111380144,-12.0
1,2,2026-02-03 20:54:57.260259,196,2.09,4.01,0.107,471,0.63,93,1,11.503622617824933,0.8899999999999999,1.1334625692524443,0.4152542372881356,23.0
1,2,2026-02-03 20:59:57.260269,173,2.16,3.4,0.131,523,0.69,100,2,11.503622617824933,0.07000000000000028,1.3876971642249554,0.3301526717557252,18.0
1,2,2026-02-03 21:04:57.260281,155,2.22,3.24,0.142,609,0.86,106,2,20.550750189064466,0.06000000000000005,1.5042213535873559,0.2540983606557377,22.0
1,2,2026-02-03 21:09:57.260291,133,2.82,3.61,0.145,638,0.69,113,2,20.033305601755615,0.5999999999999996,1.53600067795892,0.2081377151799687,5.0
1,2,2026-02-03 21:14:57.260301,128,3.01,4.55,0.147,679,0.92,120,2,14.36430761761014,0.18999999999999995,1.5571868942066291,0.18823529411764706,0.0
1,3,2026-02-03 20:29:57.260319,248,0.46,2.17,0.013,317,0.25,60,0,0.0,0.0,0.14114939034321017,0.779874213836478,24.0
1,3,2026-02-03 20:34:57.260330,224,1.25,2.3,0.034,393,0.34,66,0,0.0,0.79,0.3691599439745497,0.5685279187817259,-5.0
1,3,2026-02-03 20:39:57.260340,229,1.12,2.39,0.044,391,0.59,73,0,12.662279942148386,-0.1299999999999999,0.4777363980847113,0.5841836734693877,44.0
1,3,2026-02-03 20:44:57.260351,185,1.17,2.24,0.061,413,0.39,80,1,24.0901086202062,0.04999999999999982,0.6623163700719862,0.4468599033816425,-28.0
1,3,2026-02-03 20:49:57.260361,213,1.79,3.47,0.078,477,0.8,86,1,22.27105745132008,0.6200000000000001,0.846896342059261,0.4456066945606695,20.0
1,3,2026-02-03 20:54:57.260372,193,1.8,2.49,0.119,495,0.5,93,1,14.422205101855944,0.010000000000000009,1.2920598039109237,0.38911290322580644,14.0
1,3,2026-02-03 20:59:57.260382,179,2.55,3.58,0.12,570,0.66,100,2,17.08800749063505,0.7499999999999998,1.30291744932194,0.3134851138353765,25.0
1,3,2026-02-03 21:04:57.260392,154,2.35,3.09,0.13,593,0.68,106,2,19.756855350316584,-0.19999999999999973,1.4114939034321017,0.25925925925925924,11.0
1,3,2026-02-03 21:09:57.260403,143,2.56,3.68,0.157,653,0.86,113,2,18.448125469362278,0.20999999999999996,1.704650329529538,0.21865443425076453,11.0
1,3,2026-02-03 21:14:57.260413,132,2.86,4.36,0.165,702,0.98,120,2,10.999999999999984,0.2999999999999998,1.7915114928176676,0.18776671408250356,0.0
1,4,2026-02-03 20:29:57.260431,233,0.61,2.26,0.014,269,0.33,60,0,0.0,0.0,0.14861837984734771,0.8629629629629629,24.0
1,4,2026-02-03 20:34:57.260441,209,0.69,2.11,0.034,363,0.2,66,0,0.0,0.07999999999999996,0.36093035105784443,0.5741758241758241,-13.0
1,4,2026-02-03 20:39:57.260451,222,0.81,2.11,0.052,376,0.37,73,0,12.013880860626733,0.1200000000000001,0.5520111251472914,0.5888594164456233,5.0
1,4,2026-02-03 20:44:57.260462,217,1.55,2.94,0.078,359,0.42,80,1,6.557438524302005,0.74,0.8280166877209372,0.6027777777777777,15.0
1,4,2026-02-03 20:49:57.260473,202,1.57,3.32,0.088,480,0.62,86,1,10.408329997330663,0.020000000000000018,0.9341726733261855,0.41995841995842,3.0
1,4,2026-02-03 20:54:57.260483,199,1.86,3.55,0.104,507,0.59,93,1,9.643650760992951,0.29000000000000004,1.104022250294583,0.39173228346456695,26.0
1,4,2026-02-03 20:59:57.260493,173,2.08,3.58,0.098,577,0.67,100,2,15.947831618540915,0.21999999999999997,1.040328658931434,0.29930795847750863,7.0
1,4,2026-02-03 21:04:57.260504,166,2.39,3.46,0.15,554,0.73,106,2,17.387735140993307,0.31000000000000005,1.5923397840787252,0.2990990990990991,23.0
1,4,2026-02-03 21:09:57.260514,143,3.06,3.91,0.151,680,0.92,113,2,15.695009822658077,0.6699999999999999,1.6029553826392502,0.20998531571218795,13.0
1,4,2026-02-03 21:14:57.260525,130,2.82,4.73,0.173,655,1.01,120,2,18.230011885167098,-0.2400000000000002,1.8364985509707965,0.19817073170731708,0.0
2,0,2026-02-03 20:29:57.260543,253,0.42,1.85,0.03,302,0.25,60,0,0.0,0.0,0.3070592931495072,0.834983498349835,13.0
2,0,2026-02-03 20:34:57.260553,240,0.56,2.18,0.028,346,0.32,66,0,0.0,0.14000000000000007,0.2865886736062067,0.69164265129683,12.0
2,0,2026-02-03 20:39:57.260566,228,1.12,2.13,0.066,375,0.39,73,0,12.503332889007371,0.56,0.6755304449289158,0.6063829787234043,24.0
2,0,2026-02-03 20:44:57.260576,204,1.53,2.99,0.08,445,0.69,80,1,18.330302779823366,0.4099999999999999,0.8188247817320191,0.45739910313901344,16.0
2,0,2026-02-03 20:49:57.260586,188,1.36,2.13,0.088,502,0.48,86,1,20.13289182738867,-0.16999999999999993,0.900707259905221,0.37375745526838966,28.0
2,0,2026-02-03 20:54:57.260597,160,1.92,3.34,0.13,525,0.71,93,1,22.271057451320086,0.5599999999999998,1.3305902703145311,0.3041825095057034,-14.0
2,0,2026-02-03 20:59:57.260607,174,2.21,3.77,0.123,532,0.57,100,2,13.999999999999996,0.29000000000000004,1.2589431019129795,0.32645403377110693,-1.0
2,0,2026-02-03 21:04:57.260618,175,2.48,4.37,0.138,581,0.75,106,2,8.386497083606079,0.27,1.412472748487733,0.3006872852233677,32.0
2,0,2026-02-03 21:09:57.260628,143,2.94,4.33,0.147,651,0.94,113,2,18.193405398660254,0.45999999999999996,1.5045905364325851,0.21932515337423314,19.0
2,0,2026-02-03 21:14:57.260639,124,3.17,5.05,0.147,661,0.77,120,2,25.774664562964414,0.22999999999999998,1.5045905364325851,0.18731117824773413,0.0
2,1,2026-02-03 20:29:57.260674,246,0.83,1.67,0.009,295,0.3,60,0,0.0,0.0,0.09423985089161369,0.831081081081081,23.0
2,1,2026-02-03 20:34:57.260686,223,0.94,1.98,0.035,399,0.48,66,0,0.0,0.10999999999999999,0.3664883090229422,0.5575,3.0
2,1,2026-02-03 20:39:57.260696,220,0.83,1.46,0.053,393,0.37,73,0,14.22439219556791,-0.10999999999999999,0.5549680108061695,0.5583756345177665,9.0
2,1,2026-02-03 20:44:57.260707,211,1.18,3.03,0.077,416,0.45,80,1,6.244997998398382,0.35,0.8062742798504727,0.5059952038369304,15.0
2,1,2026-02-03 20:49:57.260717,196,1.5,2.85,0.101,397,0.36,86,1,12.124355652982134,0.32000000000000006,1.057580548894776,0.49246231155778897,26.0
2,1,2026-02-03 20:54:57.260728,170,1.65,2.42,0.105,479,0.56,93,1,20.744477176668813,0.1499999999999999,1.0994649270688264,0.3541666666666667,12.0
2,1,2026-02-03 20:59:57.260739,158,2.52,3.06,0.125,543,0.69,100,2,19.425069712444618,0.8700000000000001,1.3088868179390791,0.29044117647058826,2.0
2,1,2026-02-03 21:04:57.260749,156,2.3,3.81,0.129,595,0.82,106,2,7.571877794400352,-0.2200000000000002,1.3507711961131297,0.26174496644295303,25.0
2,1,2026-02-03 21:09:57.260761,131,2.86,3.51,0.161,627,0.86,113,2,15.044378795195676,0.56,1.6858462215055339,0.2085987261146497,-1.0
2,1,2026-02-03 21:14:57.260771,132,3.33,4.14,0.16,717,0.87,120,2,14.153915830374764,0.4700000000000002,1.6753751269620214,0.18384401114206128,0.0
2,2,2026-02-03 20:29:57.260795,253,0.25,1.38,0.008,275,0.43,60,0,0.0,0.0,0.08528693723947506,0.9166666666666666,34.0
2,2,2026-02-03 20:34:57.260806,219,0.93,2.04,0.023,281,0.54,66,0,0.0,0.68,0.2451999445634908,0.776595744680851,-6.0
2,2,2026-02-03 20:39:57.260817,225,1.04,2.69,0.063,387,0.4,73,0,18.147543451754935,0.10999999999999999,0.6716346307608662,0.5798969072164949,2.0
2,2,2026-02-03 20:44:57.260827,223,1.76,2.65,0.077,438,0.48,80,1,3.0550504633039206,0.72,0.8208867709299474,0.5079726651480638,27.0
2,2,2026-02-03 20:49:57.260838,196,1.68,2.44,0.07,494,0.77,86,1,16.19670748434179,-0.08000000000000007,0.7462607008454069,0.39595959595959596,6.0
2,2,2026-02-03 20:54:57.260849,190,1.8,2.32,0.109,529,0.73,93,1,17.578395831246947,0.1200000000000001,1.1620345198878477,0.3584905660377358,4.0
2,2,2026-02-03 20:59:57.260861,186,2.37,3.13,0.118,590,0.74,100,2,5.033222956847164,0.5700000000000001,1.2579823242822572,0.3147208121827411,54.0
2,2,2026-02-03 21:04:57.260873,132,2.37,3.77,0.139,592,0.63,106,2,32.39341496868358,0.0,1.4818605345358793,0.22259696458684655,-2.0
2,2,2026-02-03 21:09:57.260883,134,2.45,4.03,0.159,602,1.04,113,2,30.61590000854676,0.08000000000000007,1.695077877634567,0.2222222222222222,8.0
2,2,2026-02-03 21:14:57.260895,126,3.02,3.84,0.172,682,0.91,120,2,4.1633319989322475,0.5699999999999998,1.8336691506487137,0.18448023426061494,0.0
2,3,2026-02-03 20:29:57.260914,275,0.48,1.48,0.016,307,0.32,60,0,0.0,0.0,0.18223027072584594,0.8928571428571429,42.0
2,3,2026-02-03 20:34:57.260924,233,1.17,2.32,0.036,365,0.31,66,0,0.0,0.69,0.41001810913315334,0.6366120218579235,4.0
2,3,2026-02-03 20:39:57.260935,229,1.25,2.16,0.036,423,0.3,73,0,25.482019804821856,0.08000000000000007,0.41001810913315334,0.5400943396226415,22.0
2,3,2026-02-03 20:44:57.260945,207,1.55,3.15,0.071,450,0.61,80,1,13.999999999999991,0.30000000000000004,0.8086468263459413,0.458980044345898,2.0
2,3,2026-02-03 20:49:57.260956,205,1.7,2.57,0.071,476,0.65,86,1,13.316656236958774,0.1499999999999999,0.8086468263459413,0.429769392033543,21.0
2,3,2026-02-03 20:54:57.260966,184,1.98,3.94,0.101,521,0.7,93,1,12.741009902410909,0.28,1.1503285839569026,0.3524904214559387,14.0
2,3,2026-02-03 20:59:57.260977,170,2.17,3.15,0.106,581,0.6,100,2,17.61628034896507,0.18999999999999995,1.2072755435587292,0.2920962199312715,1.0
2,3,2026-02-03 21:04:57.260987,169,2.39,3.36,0.138,654,0.79,106,2,8.386497083606068,0.2200000000000002,1.5717360850104214,0.2580152671755725,16.0
2,3,2026-02-03 21:09:57.260998,153,2.43,4.26,0.14,673,0.9,113,2,9.539392014169447,0.040000000000000036,1.5945148688511521,0.22700296735905046,23.0
2,3,2026-02-03 21:14:57.261010,130,3.24,4.34,0.163,768,0.86,120,2,19.604421270043474,0.81,1.8564708830195555,0.16905071521456436,0.0
2,4,2026-02-03 20:29:57.261029,245,0.79,1.92,0.011,323,0.27,60,0,0.0,0.0,0.11739469162548957,0.7561728395061729,17.0
2,4,2026-02-03 20:34:57.261039,228,0.58,1.43,0.026,343,0.39,66,0,0.0,-0.21000000000000008,0.27747836202388443,0.6627906976744186,-10.0
2,4,2026-02-03 20:39:57.261049,238,0.86,1.69,0.052,364,0.66,73,0,8.54400374531753,0.28,0.5549567240477689,0.6520547945205479,35.0
2,4,2026-02-03 20:44:57.261060,203,1.57,2.84,0.086,414,0.45,80,1,18.027756377319946,0.7100000000000001,0.917813043617464,0.4891566265060241,13.0
2,4,2026-02-03 20:49:57.261070,190,1.5,3.17,0.082,472,0.53,86,1,24.82606157515391,-0.07000000000000006,0.8751240648445587,0.40169133192389006,19.0
2,4,2026-02-03 20:54:57.261082,171,2.05,2.78,0.114,505,0.7,93,1,16.093476939431092,0.5499999999999998,1.2166358950278011,0.33794466403162055,-1.0
2,4,2026-02-03 20:59:57.261093,172,1.86,3.25,0.112,571,0.66,100,2,10.69267662156364,-0.18999999999999972,1.1952914056413484,0.3006993006993007,10.0
2,4,2026-02-03 21:04:57.261103,162,2.55,3.88,0.148,605,0.69,106,2,5.507570547286124,0.6899999999999997,1.5794922145974961,0.26732673267326734,33.0
2,4,2026-02-03 21:09:57.261114,129,2.58,4.17,0.145,655,0.9,113,2,22.501851775650238,0.03000000000000025,1.547475480517817,0.19664634146341464,10.0
2,4,2026-02-03 21:14:57.261125,119,2.3,3.69,0.161,685,1.0,120,2,22.501851775650238,-0.28000000000000025,1.7182313956094384,0.17346938775510204,0.0
3,0,2026-02-03 20:29:57.261143,256,0.87,1.77,0.022,309,0.39,60,0,0.0,0.0,0.22774091365513816,0.8258064516129032,16.0
3,0,2026-02-03 20:34:57.261154,240,0.86,2.62,0.044,376,0.48,66,0,0.0,-0.010000000000000009,0.4554818273102763,0.636604774535809,3.0
3,0,2026-02-03 20:39:57.261165,237,1.19,1.93,0.05,363,0.36,73,0,10.214368964029712,0.32999999999999996,0.5175929855798594,0.6510989010989011,23.0
3,0,2026-02-03 20:44:57.261175,214,1.42,2.68,0.074,439,0.5,80,1,14.224392195567921,0.22999999999999998,0.766037618658192,0.4863636363636364,31.0
3,0,2026-02-03 20:49:57.261186,183,1.76,3.21,0.102,484,0.59,86,1,27.098585448936884,0.3400000000000001,1.0558896905829132,0.37731958762886597,4.0
3,0,2026-02-03 20:54:57.261196,179,2.0,3.01,0.104,540,0.65,93,1,19.157244060668035,0.24,1.0765934100061076,0.33086876155268025,14.0
3,0,2026-02-03 20:59:57.261207,165,2.21,3.16,0.116,571,0.52,100,2,9.45163125250525,0.20999999999999996,1.200815726545274,0.28846153846153844,-1.0
3,0,2026-02-03 21:04:57.261217,166,2.35,4.16,0.138,594,0.8,106,2,7.8102496759066895,0.14000000000000012,1.4285566402004122,0.27899159663865547,8.0
3,0,2026-02-03 21:09:57.261228,158,2.71,4.23,0.136,643,0.71,113,2,4.358898943540737,0.3599999999999999,1.407852920777218,0.2453416149068323,30.0
3,0,2026-02-03 21:14:57.261238,128,3.13,3.96,0.18,707,0.84,120,2,20.033305601755636,0.41999999999999993,1.863334748087494,0.1807909604519774,0.0
3,1,2026-02-03 20:29:57.261256,237,0.67,2.6,0.018,265,0.29,60,0,0.0,0.0,0.19189560878881887,0.8909774436090225,-5.0
3,1,2026-02-03 20:34:57.261267,242,0.53,1.44,0.053,343,0.39,66,0,0.0,-0.14,0.5650259592115223,0.7034883720930233,22.0
3,1,2026-02-03 20:39:57.261277,220,1.13,1.95,0.054,382,0.53,73,0,11.532562594670797,0.5999999999999999,0.5756868263664566,0.5744125326370757,14.0
3,1,2026-02-03 20:44:57.261287,206,1.43,2.21,0.07,443,0.55,80,1,18.147543451754927,0.30000000000000004,0.7462607008454069,0.46396396396396394,4.0
3,1,2026-02-03 20:49:57.261300,202,1.7,3.34,0.077,487,0.69,86,1,9.451631252505205,0.27,0.8208867709299474,0.4139344262295082,14.0
3,1,2026-02-03 20:54:57.261310,188,1.68,2.37,0.103,501,0.81,93,1,9.451631252505205,-0.020000000000000018,1.0980693169582414,0.3745019920318725,19.0
3,1,2026-02-03 20:59:57.261320,169,1.88,2.48,0.104,583,0.64,100,2,16.563010998406455,0.19999999999999996,1.1087301841131758,0.2893835616438356,3.0
3,1,2026-02-03 21:04:57.261331,166,2.39,3.0,0.136,597,0.52,106,2,11.930353445448853,0.5100000000000002,1.4498779330710763,0.27759197324414714,39.0
3,1,2026-02-03 21:09:57.261342,127,2.87,4.41,0.157,669,0.83,113,2,23.430749027719965,0.48,1.6737561433246981,0.18955223880597014,3.0
3,1,2026-02-03 21:14:57.261352,124,2.95,4.93,0.166,699,0.78,120,2,23.430749027719965,0.08000000000000007,1.7697039477191077,0.17714285714285713,0.0
3,2,2026-02-03 20:29:57.261369,265,0.68,2.02,0.011,301,0.27,60,0,0.0,0.0,0.12101076995852629,0.8774834437086093,30.0
3,2,2026-02-03 20:34:57.261380,235,0.74,1.44,0.029,398,0.43,66,0,0.0,0.05999999999999994,0.3190283935270239,0.5889724310776943,18.0
3,2,2026-02-03 20:39:57.261390,217,1.17,1.92,0.056,364,0.61,73,0,24.24871130596428,0.42999999999999994,0.6160548288797703,0.5945205479452055,4.0
3,2,2026-02-03 20:44:57.261400,213,1.41,3.11,0.077,464,0.45,80,1,11.718930554164627,0.24,0.8470753897096841,0.45806451612903226,4.0
3,2,2026-02-03 20:49:57.261411,209,1.65,2.83,0.091,543,0.53,86,1,3.9999999999999787,0.24,1.0010890969296267,0.38419117647058826,24.0
3,2,2026-02-03 20:54:57.261421,185,1.68,3.36,0.098,521,0.85,93,1,15.143755588800728,0.030000000000000027,1.078095950539598,0.3544061302681992,-2.0
3,2,2026-02-03 20:59:57.261431,187,2.25,3.09,0.109,583,0.65,100,2,13.316656236958785,0.5700000000000001,1.1991067204981243,0.3202054794520548,29.0
3,2,2026-02-03 21:04:57.261441,158,2.66,4.25,0.136,596,0.92,106,2,16.196707484341783,0.41000000000000014,1.4961331558508706,0.2646566164154104,27.0
3,2,2026-02-03 21:09:57.261451,131,2.43,4.41,0.138,715,0.82,113,2,28.005951748393283,-0.22999999999999998,1.5181351140251482,0.1829608938547486,-16.0
3,2,2026-02-03 21:14:57.261461,147,2.67,4.06,0.164,744,1.04,120,2,13.576941236277507,0.23999999999999977,1.8041605702907557,0.19731543624161074,0.0
3,3,2026-02-03 20:29:57.261478,243,0.58,2.15,0.023,291,0.13,60,0,0.0,0.0,0.24008100124215823,0.8321917808219178,7.0
3,3,2026-02-03 20:34:57.261488,236,0.75,2.02,0.047,378,0.19,66,0,0.0,0.17000000000000004,0.4906003068861494,0.6226912928759895,17.0
3,3,2026-02-03 20:39:57.261498,219,0.83,2.78,0.061,351,0.54,73,0,12.342339054382407,0.07999999999999996,0.6367365685118109,0.6221590909090909,17.0
3,3,2026-02-03 20:44:57.261508,202,1.02,1.63,0.067,435,0.37,80,1,16.999999999999996,0.19000000000000006,0.6993663949228088,0.463302752293578,-4.0
3,3,2026-02-03 20:49:57.261518,206,1.51,2.66,0.093,436,0.48,86,1,8.88819441731558,0.49,0.9707623093704659,0.47139588100686497,18.0
3,3,2026-02-03 20:54:57.261528,188,2.06,3.27,0.116,533,0.68,93,1,9.451631252505203,0.55,1.2108433106126242,0.352059925093633,8.0
3,3,2026-02-03 20:59:57.261538,180,2.21,3.02,0.117,550,0.7,100,2,13.316656236958778,0.1499999999999999,1.2212816150144572,0.32667876588021777,31.0
3,3,2026-02-03 21:04:57.261549,149,2.42,4.32,0.126,613,0.57,106,2,20.5993527406405,0.20999999999999996,1.3152263546309537,0.24267100977198697,-3.0
3,3,2026-02-03 21:09:57.261561,152,2.79,3.97,0.132,743,0.75,113,2,17.097758137642888,0.3700000000000001,1.3778561810419516,0.20430107526881722,18.0
3,3,2026-02-03 21:14:57.261572,134,2.81,4.32,0.176,681,1.09,120,2,9.643650760992973,0.020000000000000018,1.837141574722602,0.19648093841642228,0.0
3,4,2026-02-03 20:29:57.261592,248,0.54,2.08,0.02,360,0.4,60,0,0.0,0.0,0.22001958174277508,0.6869806094182825,9.0
3,4,2026-02-03 20:34:57.261603,239,0.69,2.59,0.037,377,0.49,66,0,0.0,0.1499999999999999,0.4070362262241339,0.6322751322751323,10.0
3,4,2026-02-03 20:39:57.261613,229,0.83,1.92,0.046,397,0.53,73,0,9.504384952922164,0.14,0.5060450380083826,0.5753768844221105,22.0
3,4,2026-02-03 20:44:57.261624,207,1.4,3.01,0.084,426,0.6,80,1,16.370705543744897,0.57,0.9240822433196554,0.4847775175644028,-1.0
3,4,2026-02-03 20:49:57.261634,208,1.37,3.08,0.094,496,0.7,86,1,12.423096769056142,-0.029999999999999805,1.034092034191043,0.41851106639839036,28.0
3,4,2026-02-03 20:54:57.261644,180,1.91,2.42,0.093,489,0.49,93,1,15.885003409925137,0.5399999999999998,1.023091055103904,0.3673469387755102,-5.0
3,4,2026-02-03 20:59:57.261654,185,2.0,3.08,0.104,557,0.57,100,2,14.933184523068077,0.09000000000000008,1.1441018250624304,0.33154121863799285,35.0
3,4,2026-02-03 21:04:57.261664,150,2.48,3.98,0.13,590,0.99,106,2,18.92969448600091,0.48,1.4301272813280381,0.25380710659898476,-3.0
3,4,2026-02-03 21:09:57.261674,153,2.66,3.94,0.149,654,0.72,113,2,19.39931270260194,0.18000000000000016,1.6391458839836743,0.233587786259542,39.0
3,4,2026-02-03 21:14:57.261684,114,3.29,4.59,0.152,741,0.96,120,2,21.702534414210696,0.6299999999999999,1.6721488212450906,0.15363881401617252,0.0
4,0,2026-02-03 20:29:57.261701,255,0.67,2.6,0.017,311,0.28,60,0,0.0,0.0,0.17033897455937316,0.8173076923076923,13.0
4,0,2026-02-03 20:34:57.261712,242,0.77,1.66,0.027,314,0.26,66,0,0.0,0.09999999999999998,0.27053837135900444,0.7682539682539683,17.0
4,0,2026-02-03 20:39:57.261722,225,1.33,2.3,0.068,412,0.37,73,0,15.044378795195673,0.56,0.6813558982374927,0.5447941888619855,31.0
4,0,2026-02-03 20:44:57.261732,194,1.31,2.83,0.068,436,0.37,80,1,24.337899115029078,-0.020000000000000018,0.6813558982374927,0.4439359267734554,4.0
4,0,2026-02-03 20:49:57.261742,190,1.68,3.03,0.101,475,0.51,86,1,19.157244060668017,0.3699999999999999,1.0120139076762757,0.39915966386554624,7.0
4,0,2026-02-03 20:54:57.261752,183,1.98,3.38,0.105,523,0.64,93,1,5.567764362830027,0.30000000000000004,1.0520936663961282,0.34923664122137404,21.0
4,0,2026-02-03 20:59:57.261763,162,2.03,3.45,0.131,557,0.67,100,2,14.571661996262936,0.04999999999999982,1.3126120980751697,0.2903225806451613,-2.0
4,0,2026-02-03 21:04:57.261773,164,2.59,3.5,0.13,602,0.89,106,2,11.590225767142483,0.56,1.3025921583952065,0.27197346600331673,28.0
4,0,2026-02-03 21:09:57.261783,136,2.78,4.22,0.176,618,0.89,113,2,15.620499351813313,0.18999999999999995,1.76350938367351,0.2197092084006462,14.0
4,0,2026-02-03 21:14:57.261793,122,2.93,3.57,0.175,701,0.89,120,2,21.385353243127252,0.15000000000000036,1.7534894439935471,0.1737891737891738,0.0
4,1,2026-02-03 20:29:57.261810,259,0.94,1.79,0.035,249,0.33,60,0,0.0,0.0,0.37634003935441557,1.036,23.0
4,1,2026-02-03 20:34:57.261821,236,0.86,1.97,0.029,394,0.31,66,0,0.0,-0.07999999999999996,0.31182460403651574,0.5974683544303797,7.0
4,1,2026-02-03 20:39:57.261833,229,1.38,2.29,0.042,367,0.37,73,0,15.695009822658074,0.5199999999999999,0.4516080472252987,0.6222826086956522,21.0
4,1,2026-02-03 20:44:57.261843,208,1.18,2.88,0.07,440,0.34,80,1,14.571661996262941,-0.19999999999999996,0.7526800787088311,0.47165532879818595,9.0
4,1,2026-02-03 20:49:57.261853,199,1.78,3.08,0.075,440,0.64,86,1,15.394804318340666,0.6000000000000001,0.8064429414737475,0.4512471655328798,-3.0
4,1,2026-02-03 20:54:57.261864,202,1.84,2.43,0.121,538,0.64,93,1,4.582575694955887,0.06000000000000005,1.3010612789109794,0.3747680890538033,27.0
4,1,2026-02-03 20:59:57.261874,175,1.98,2.78,0.111,569,0.86,100,2,14.798648586948756,0.1399999999999999,1.1935355533811465,0.30701754385964913,22.0
4,1,2026-02-03 21:04:57.261884,153,2.71,4.4,0.125,578,0.74,106,2,24.542480178933292,0.73,1.3440715691229126,0.26424870466321243,-2.0
4,1,2026-02-03 21:09:57.261895,155,2.75,4.03,0.146,662,0.78,113,2,12.165525060596444,0.040000000000000036,1.5698755927355619,0.23378582202111614,22.0
4,1,2026-02-03 21:14:57.261905,133,3.1,4.66,0.176,676,0.77,120,2,12.165525060596444,0.3500000000000001,1.892452769325061,0.1964549483013294,0.0
4,2,2026-02-03 20:29:57.261922,231,0.6,1.7,0.042,266,0.38,60,0,0.0,0.0,0.4365858982754858,0.8651685393258427,-5.0
4,2,2026-02-03 20:34:57.261932,236,0.83,2.61,0.037,346,0.36,66,0,0.0,0.22999999999999998,0.3846113865760231,0.6801152737752162,4.0
4,2,2026-02-03 20:39:57.261942,232,1.0,2.8,0.059,406,0.38,73,0,2.6457513110645907,0.17000000000000004,0.6132992380536585,0.5700245700245701,25.0
4,2,2026-02-03 20:44:57.261953,207,1.1,2.64,0.066,434,0.5,80,1,15.716233645501712,0.10000000000000009,0.6860635544329061,0.47586206896551725,0.0
4,2,2026-02-03 20:49:57.261963,207,1.71,2.41,0.111,468,0.5,86,1,14.433756729740647,0.6099999999999999,1.1538341597280695,0.44136460554371004,19.0
4,2,2026-02-03 20:54:57.261973,188,1.38,2.1,0.104,503,0.61,93,1,10.969655114602885,-0.33000000000000007,1.0810698433488217,0.373015873015873,18.0
4,2,2026-02-03 20:59:57.261983,170,2.27,4.22,0.102,547,0.41,100,2,18.502252115170556,0.8900000000000001,1.0602800386690368,0.3102189781021898,11.0
4,2,2026-02-03 21:04:57.261993,159,2.5,3.32,0.129,657,0.89,106,2,14.640127503998507,0.22999999999999998,1.3409424018461347,0.24164133738601823,18.0
4,2,2026-02-03 21:09:57.262003,141,3.02,3.61,0.148,643,0.8,113,2,14.640127503998507,0.52,1.5384455463040925,0.21894409937888198,19.0
4,2,2026-02-03 21:14:57.262013,122,3.06,3.65,0.164,704,0.9,120,2,18.502252115170556,0.040000000000000036,1.704763983742373,0.17304964539007092,0.0
4,3,2026-02-03 20:29:57.262032,254,0.74,1.7,0.025,368,0.2,60,0,0.0,0.0,0.2665216788733596,0.6883468834688347,20.0
4,3,2026-02-03 20:34:57.262042,234,0.75,1.54,0.047,309,0.19,66,0,0.0,0.010000000000000009,0.501060756281916,0.7548387096774194,6.0
4,3,2026-02-03 20:39:57.262052,228,1.21,2.86,0.053,383,0.39,73,0,13.61371857110809,0.45999999999999996,0.5650259592115223,0.59375,19.0
4,3,2026-02-03 20:44:57.262063,209,1.51,2.22,0.062,388,0.52,80,1,13.051181300301252,0.30000000000000004,0.6609737636059317,0.5372750642673522,13.0
4,3,2026-02-03 20:49:57.262073,196,1.73,2.39,0.067,539,0.45,86,1,16.09347693943107,0.21999999999999997,0.7142780993806037,0.362962962962963,14.0
4,3,2026-02-03 20:54:57.262083,182,2.12,3.33,0.095,481,0.47,93,1,13.50308606701938,0.3900000000000001,1.0127823797187663,0.3775933609958506,-2.0
4,3,2026-02-03 20:59:57.262093,184,2.12,3.96,0.131,533,0.54,100,2,7.571877794400331,0.0,1.3965735972964042,0.3445692883895131,32.0
4,3,2026-02-03 21:04:57.262103,152,2.43,3.89,0.146,633,0.8,106,2,17.925772879664986,0.31000000000000005,1.5564866046204198,0.23974763406940064,-4.0
4,3,2026-02-03 21:09:57.262113,156,3.03,3.63,0.141,657,0.84,113,2,17.435595774162675,0.5999999999999996,1.503182268845748,0.23708206686930092,9.0
4,3,2026-02-03 21:14:57.262123,147,2.95,3.58,0.171,689,0.92,120,2,4.509249752822815,-0.07999999999999963,1.8230082834937795,0.21304347826086956,0.0
4,4,2026-02-03 20:29:57.262140,236,0.31,1.33,0.027,334,0.25,60,0,0.0,0.0,0.2780609880433775,0.7044776119402985,4.0
4,4,2026-02-03 20:34:57.262152,232,0.83,2.48,0.03,374,0.29,66,0,0.0,0.52,0.30895665338153055,0.6186666666666667,23.0
4,4,2026-02-03 20:39:57.262162,209,1.36,2.17,0.056,361,0.5,73,0,14.571661996262925,0.5300000000000001,0.5767190863121904,0.5773480662983426,-13.0
4,4,2026-02-03 20:44:57.262172,222,1.22,3.17,0.07,414,0.59,80,1,11.532562594670788,-0.14000000000000012,0.720898857890238,0.5349397590361445,25.0
4,4,2026-02-03 20:49:57.262182,197,1.66,3.03,0.094,495,0.48,86,1,12.503332889007364,0.43999999999999995,0.9680641805954624,0.3971774193548387,11.0
4,4,2026-02-03 20:54:57.262193,186,2.0,2.84,0.101,490,0.44,93,1,18.448125469362278,0.3400000000000001,1.0401540663844862,0.3788187372708758,-4.0
4,4,2026-02-03 20:59:57.262203,190,1.95,3.86,0.115,556,0.72,100,2,5.567764362829991,-0.050000000000000044,1.1843338379625339,0.34111310592459604,35.0
4,4,2026-02-03 21:04:57.262214,155,2.18,3.9,0.146,606,0.79,106,2,19.157244060668006,0.2300000000000002,1.5035890464567818,0.2553542009884679,15.0
4,4,2026-02-03 21:09:57.262224,140,3.04,4.8,0.162,677,0.73,113,2,25.65800719723441,0.8599999999999999,1.668365928260265,0.20648967551622419,5.0
4,4,2026-02-03 21:14:57.262234,135,3.07,4.98,0.17,711,0.83,120,2,10.408329997330634,0.029999999999999805,1.7507543691620067,0.1896067415730337,0.0
5,0,2026-02-03 20:29:57.262252,244,0.62,1.88,0.025,321,0.53,60,0,0.0,0.0,0.2548394002099877,0.7577639751552795,-3.0
5,0,2026-02-03 20:34:57.262262,247,0.4,1.75,0.037,367,0.4,66,0,0.0,-0.21999999999999997,0.37716231231078173,0.6711956521739131,11.0
5,0,2026-02-03 20:39:57.262272,236,1.19,1.93,0.051,388,0.52,73,0,5.686240703077331,0.7899999999999999,0.5198723764283748,0.6066838046272494,36.0
5,0,2026-02-03 20:44:57.262282,200,1.59,2.4,0.066,483,0.54,80,1,24.583192089989723,0.40000000000000013,0.6727760165543675,0.4132231404958678,16.0
5,0,2026-02-03 20:49:57.262293,184,1.7,2.73,0.089,521,0.42,86,1,26.633312473917563,0.10999999999999988,0.9072282647475561,0.3524904214559387,12.0
5,0,2026-02-03 20:54:57.262304,172,1.8,3.61,0.095,574,0.59,93,1,14.047538337136968,0.10000000000000009,0.9683897207979532,0.2991304347826087,0.0
5,0,2026-02-03 20:59:57.262314,172,2.35,3.44,0.137,544,0.82,100,2,6.928203230275482,0.55,1.3965199131507327,0.3155963302752294,22.0
5,0,2026-02-03 21:04:57.262324,150,2.48,3.7,0.128,594,0.79,106,2,12.701705922171763,0.1299999999999999,1.304777729075137,0.25210084033613445,-8.0
5,0,2026-02-03 21:09:57.262334,158,3.12,4.46,0.17,684,0.77,113,2,11.135528725660038,0.6400000000000001,1.7329079214279164,0.23065693430656933,20.0
5,0,2026-02-03 21:14:57.262344,138,3.0,3.62,0.183,694,0.85,120,2,10.066445913694322,-0.1200000000000001,1.8654244095371098,0.1985611510791367,0.0
5,1,2026-02-03 20:29:57.262362,256,0.69,2.37,0.001,324,0.26,60,0,0.0,0.0,0.010775745951013459,0.7876923076923077,29.0
5,1,2026-02-03 20:34:57.262372,227,0.61,1.44,0.035,389,0.43,66,0,0.0,-0.07999999999999996,0.37715110828547105,0.5820512820512821,14.0
5,1,2026-02-03 20:39:57.262382,213,1.43,2.88,0.05,396,0.55,73,0,21.93171219946131,0.82,0.5387872975506729,0.5365239294710328,7.0
5,1,2026-02-03 20:44:57.262392,206,1.57,2.95,0.051,418,0.39,80,1,10.69267662156363,0.14000000000000012,0.5495630435016863,0.4916467780429594,8.0
5,1,2026-02-03 20:49:57.262402,198,1.26,2.21,0.097,471,0.53,86,1,7.505553499465141,-0.31000000000000005,1.0452473572483054,0.4194915254237288,11.0
5,1,2026-02-03 20:54:57.262412,187,1.85,3.07,0.117,521,0.81,93,1,9.539392014169458,0.5900000000000001,1.2607622762685746,0.35823754789272033,1.0
5,1,2026-02-03 20:59:57.262423,186,2.08,3.73,0.124,533,0.74,100,2,6.658328118479397,0.22999999999999998,1.3361924979256687,0.34831460674157305,36.0
5,1,2026-02-03 21:04:57.262434,150,2.52,3.12,0.138,608,0.75,106,2,21.079215671683176,0.43999999999999995,1.4870529412398572,0.24630541871921183,16.0
5,1,2026-02-03 21:09:57.262444,134,2.56,4.42,0.145,627,0.8,113,2,26.633312473917574,0.040000000000000036,1.5624831628969513,0.21337579617834396,-11.0
5,1,2026-02-03 21:14:57.262455,145,2.89,3.48,0.17,627,0.99,120,2,8.18535277187245,0.33000000000000007,1.8318768116722879,0.23089171974522293,0.0
5,2,2026-02-03 20:29:57.262472,257,0.44,0.97,0.022,302,0.37,60,0,0.0,0.0,0.24202153991705258,0.8481848184818482,20.0
5,2,2026-02-03 20:34:57.262483,237,0.76,1.65,0.031,368,0.24,66,0,0.0,0.32,0.34103035170130136,0.6422764227642277,11.0
5,2,2026-02-03 20:39:57.262494,226,0.78,1.98,0.054,399,0.35,73,0,15.716233645501712,0.020000000000000018,0.5940528707054927,0.565,20.0
5,2,2026-02-03 20:44:57.262504,206,1.25,2.13,0.065,439,0.61,80,1,15.716233645501712,0.47,0.7150636406640191,0.4681818181818182,20.0
5,2,2026-02-03 20:49:57.262514,186,1.62,3.41,0.084,482,0.6,86,1,20.0,0.3700000000000001,0.9240822433196554,0.38509316770186336,-15.0
5,2,2026-02-03 20:54:57.262524,201,1.87,3.1,0.095,535,0.72,93,1,10.408329997330664,0.25,1.0450930132781817,0.375,55.0
5,2,2026-02-03 20:59:57.262535,146,1.96,3.44,0.113,568,0.84,100,2,28.43120351538663,0.08999999999999986,1.2431106368466793,0.2565905096660808,-11.0
5,2,2026-02-03 21:04:57.262545,157,2.31,3.99,0.136,591,0.69,106,2,29.10326442171049,0.3500000000000001,1.4961331558508706,0.2652027027027027,19.0
5,2,2026-02-03 21:09:57.262555,138,2.53,4.17,0.139,658,0.8,113,2,9.539392014169444,0.21999999999999975,1.529136093112287,0.2094081942336874,3.0
5,2,2026-02-03 21:14:57.262565,135,3.06,4.72,0.17,726,0.89,120,2,11.930353445448846,0.5300000000000002,1.8701664448135884,0.1856946354883081,0.0
5,3,2026-02-03 20:29:57.262582,248,1.14,1.8,0.03,315,0.43,60,0,0.0,0.0,0.31479207983127144,0.7848101265822784,18.0
5,3,2026-02-03 20:34:57.262592,230,0.41,2.1,0.039,400,0.47,66,0,0.0,-0.73,0.4092297037806529,0.57356608478803,12.0
5,3,2026-02-03 20:39:57.262602,218,1.31,3.18,0.041,392,0.53,73,0,15.0996688705415,0.9000000000000001,0.430215842436071,0.55470737913486,2.0
5,3,2026-02-03 20:44:57.262612,216,1.5,3.36,0.066,423,0.46,80,1,7.5718777944003675,0.18999999999999995,0.6925425756287973,0.5094339622641509,29.0
5,3,2026-02-03 20:49:57.262622,187,1.7,2.86,0.079,483,0.59,86,1,17.349351572897476,0.19999999999999996,0.8289524768890149,0.38636363636363635,2.0
5,3,2026-02-03 20:54:57.262632,185,1.99,3.12,0.103,490,0.68,93,1,17.349351572897476,0.29000000000000004,1.080786140754032,0.37678207739307534,17.0
5,3,2026-02-03 20:59:57.262643,168,2.36,3.1,0.12,558,0.88,100,2,10.440306508910556,0.3699999999999999,1.2591683193250858,0.3005366726296959,10.0
5,3,2026-02-03 21:04:57.262653,158,2.28,4.07,0.143,616,0.9,106,2,13.650396819628854,-0.08000000000000007,1.5005089138623937,0.2560777957860616,25.0
5,3,2026-02-03 21:09:57.262672,133,2.95,4.16,0.152,694,0.82,113,2,18.027756377319957,0.6700000000000004,1.5949465378117753,0.19136690647482013,26.0
5,3,2026-02-03 21:14:57.262683,107,2.9,3.66,0.18,725,0.95,120,2,25.50163393458022,-0.050000000000000266,1.8887524789876287,0.14738292011019283,0.0
5,4,2026-02-03 20:29:57.262704,247,0.43,1.14,0.013,239,0.38,60,0,0.0,0.0,0.13224687439598784,1.0291666666666666,-2.0
5,4,2026-02-03 20:34:57.262714,249,0.47,2.23,0.049,356,0.36,66,0,0.0,0.03999999999999998,0.49846898810795415,0.6974789915966386,35.0
5,4,2026-02-03 20:39:57.262725,214,1.12,2.63,0.065,355,0.39,73,0,19.655363983740752,0.6500000000000001,0.6612343719799392,0.601123595505618,-1.0
5,4,2026-02-03 20:44:57.262736,215,1.23,2.69,0.078,437,0.69,80,1,19.92485884517127,0.10999999999999988,0.793481246375927,0.4908675799086758,29.0
5,4,2026-02-03 20:49:57.262746,186,1.48,2.03,0.097,438,0.64,86,1,16.462077633154323,0.25,0.9867651397239092,0.42369020501138954,-4.0
5,4,2026-02-03 20:54:57.262756,190,1.65,3.51,0.112,542,0.82,93,1,15.716233645501704,0.16999999999999993,1.1393576871038953,0.34990791896869244,22.0
5,4,2026-02-03 20:59:57.262767,168,1.97,3.16,0.121,599,0.73,100,2,11.718930554164626,0.32000000000000006,1.2309132155318867,0.28,12.0
5,4,2026-02-03 21:04:57.262778,156,2.41,2.97,0.127,621,0.79,106,2,17.243356208503418,0.44000000000000017,1.2919502344838811,0.2508038585209003,6.0
5,4,2026-02-03 21:09:57.262788,150,2.64,3.58,0.155,665,0.92,113,2,9.165151389911687,0.22999999999999998,1.576789656259855,0.22522522522522523,26.0
5,4,2026-02-03 21:14:57.262798,124,3.13,3.8,0.166,711,1.08,120,2,17.009801096230774,0.48999999999999977,1.6886908576718447,0.17415730337078653,0.0
6,0,2026-02-03 20:29:57.262816,247,0.43,0.95,0.001,291,0.14,60,0,0.0,0.0,0.011173059518888058,0.8458904109589042,3.0
6,0,2026-02-03 20:34:57.262826,244,0.99,1.56,0.028,372,0.54,66,0,0.0,0.56,0.31284566652886564,0.6541554959785523,22.0
6,0,2026-02-03 20:39:57.262836,222,1.02,2.71,0.054,374,0.36,73,0,13.650396819628844,0.030000000000000027,0.6033452140199551,0.592,12.0
6,0,2026-02-03 20:44:57.262846,210,1.4,2.07,0.082,462,0.55,80,1,17.243356208503414,0.3799999999999999,0.9161908805488207,0.4535637149028078,12.0
6,0,2026-02-03 20:49:57.262856,198,1.81,3.09,0.069,457,0.71,86,1,12.000000000000002,0.41000000000000014,0.770941106803276,0.43231441048034935,19.0
6,0,2026-02-03 20:54:57.262866,179,2.07,3.24,0.106,570,0.76,93,1,15.631165450257804,0.2599999999999998,1.1843443090021342,0.3134851138353765,-7.0
6,0,2026-02-03 20:59:57.262876,186,2.32,3.18,0.11,567,0.67,100,2,9.609023536933039,0.25,1.2290365470776863,0.3274647887323944,54.0
6,0,2026-02-03 21:04:57.262886,132,2.53,3.93,0.138,612,0.94,106,2,29.36551265231603,0.20999999999999996,1.541882213606552,0.21533442088091354,-5.0
6,0,2026-02-03 21:09:57.262896,137,2.76,3.64,0.149,589,0.81,113,2,29.83845393671282,0.22999999999999998,1.6647858683143204,0.23220338983050848,28.0
6,0,2026-02-03 21:14:57.262907,109,3.09,4.01,0.158,702,0.75,120,2,14.933184523068052,0.33000000000000007,1.765343403984313,0.155049786628734,0.0
6,1,2026-02-03 20:29:57.262925,246,0.35,2.05,0.025,381,0.34,60,0,0.0,0.0,0.2750244771784689,0.643979057591623,12.0
6,1,2026-02-03 20:34:57.262934,234,0.62,2.05,0.035,334,0.29,66,0,0.0,0.27,0.3850342680498564,0.6985074626865672,0.0
6,1,2026-02-03 20:39:57.262945,234,1.06,2.3,0.049,369,0.3,73,0,6.928203230275509,0.44000000000000006,0.539047975269799,0.6324324324324324,43.0
6,1,2026-02-03 20:44:57.262955,191,1.5,3.07,0.068,385,0.59,80,1,24.826061575153904,0.43999999999999995,0.7480665779254353,0.4948186528497409,0.0
6,1,2026-02-03 20:49:57.262965,191,1.64,2.53,0.088,459,0.5,86,1,24.826061575153904,0.1399999999999999,0.9680861596682103,0.4152173913043478,5.0
6,1,2026-02-03 20:54:57.262976,186,1.72,2.77,0.081,515,0.53,93,1,2.886751345948133,0.08000000000000007,0.8910793060582392,0.36046511627906974,18.0
6,1,2026-02-03 20:59:57.262986,168,2.18,2.8,0.125,561,0.82,100,2,12.0968315410827,0.4600000000000002,1.3751223858923443,0.298932384341637,0.0
6,1,2026-02-03 21:04:57.262996,168,2.68,3.2,0.119,632,0.79,106,2,10.392304845413257,0.5,1.3091165113695118,0.26540284360189575,16.0
6,1,2026-02-03 21:09:57.263009,152,2.78,4.37,0.154,633,0.66,113,2,9.237604307034008,0.09999999999999964,1.6941507794193682,0.23974763406940064,29.0
6,1,2026-02-03 21:14:57.263019,123,3.54,4.11,0.165,704,0.8,120,2,22.810816147900827,0.7600000000000002,1.8151615493778945,0.17446808510638298,0.0
6,2,2026-02-03 20:29:57.263037,262,0.33,1.81,0.025,325,0.48,60,0,0.0,0.0,0.26567199073336095,0.803680981595092,33.0
6,2,2026-02-03 20:34:57.263047,229,0.59,2.27,0.026,386,0.34,66,0,0.0,0.25999999999999995,0.2762988703626954,0.5917312661498708,3.0
6,2,2026-02-03 20:39:57.263057,226,1.11,2.98,0.035,368,0.25,73,0,19.974984355438178,0.5200000000000001,0.37194078702670536,0.6124661246612466,5.0
6,2,2026-02-03 20:44:57.263067,221,1.65,3.18,0.078,400,0.46,80,1,4.041451884327384,0.5399999999999998,0.8288966110880862,0.5511221945137157,36.0
6,2,2026-02-03 20:49:57.263077,185,1.57,3.41,0.077,464,0.57,86,1,22.36813209307682,-0.07999999999999985,0.8182697314587517,0.3978494623655914,4.0
6,2,2026-02-03 20:54:57.263087,181,1.61,2.22,0.115,471,0.55,93,1,22.0302821891444,0.040000000000000036,1.2220911573734605,0.3834745762711864,2.0
6,2,2026-02-03 20:59:57.263097,179,2.49,3.54,0.139,552,0.7,100,2,3.055050463303816,0.8800000000000001,1.477136268477487,0.32368896925858953,34.0
6,2,2026-02-03 21:04:57.263107,145,2.45,4.4,0.132,598,0.76,106,2,20.231987873991347,-0.040000000000000036,1.4027481110721458,0.24207011686143573,3.0
6,2,2026-02-03 21:09:57.263117,142,2.65,3.39,0.135,644,0.82,113,2,20.550750189064466,0.19999999999999973,1.4346287499601493,0.22015503875968992,10.0
6,2,2026-02-03 21:14:57.263127,132,3.05,4.79,0.179,696,0.94,120,2,6.806859285554042,0.3999999999999999,1.9022114536508643,0.18938307030129126,0.0
6,3,2026-02-03 20:29:57.263145,234,0.27,1.58,0.022,264,0.46,60,0,0.0,0.0,0.2340400634035808,0.8830188679245283,-5.0
6,3,2026-02-03 20:34:57.263154,239,0.73,1.68,0.049,320,0.3,66,0,0.0,0.45999999999999996,0.5212710503079755,0.7445482866043613,18.0
6,3,2026-02-03 20:39:57.263164,221,0.96,1.87,0.054,403,0.53,73,0,9.291573243177574,0.22999999999999998,0.5744619738087893,0.5470297029702971,30.0
6,3,2026-02-03 20:44:57.263174,191,1.3,2.74,0.059,357,0.47,80,1,24.248711305964285,0.3400000000000001,0.627652897309603,0.5335195530726257,-16.0
6,3,2026-02-03 20:49:57.263185,207,2.0,3.43,0.082,439,0.56,86,1,15.011106998930273,0.7,0.8723311454133467,0.47045454545454546,30.0
6,3,2026-02-03 20:54:57.263195,177,1.58,3.53,0.106,529,0.68,93,1,15.011106998930273,-0.41999999999999993,1.127647578217253,0.3339622641509434,-3.0
6,3,2026-02-03 20:59:57.263205,180,2.19,2.89,0.116,575,0.63,100,2,16.522711641858308,0.6099999999999999,1.2340294252188806,0.3125,15.0
6,3,2026-02-03 21:04:57.263214,165,2.42,4.39,0.125,644,0.76,106,2,7.937253933193779,0.22999999999999998,1.3297730875203455,0.2558139534883721,40.0
6,3,2026-02-03 21:09:57.263224,125,2.97,3.9,0.16,633,0.86,113,2,28.431203515386635,0.5500000000000003,1.7021095520260423,0.1971608832807571,20.0
6,3,2026-02-03 21:14:57.263235,105,3.54,5.34,0.167,698,0.93,120,2,30.550504633038926,0.5699999999999998,1.7765768449271817,0.15021459227467812,0.0
6,4,2026-02-03 20:29:57.263252,255,0.63,1.99,0.032,293,0.29,60,0,0.0,0.0,0.3336774381914683,0.8673469387755102,9.0
6,4,2026-02-03 20:34:57.263262,246,1.24,3.13,0.039,343,0.33,66,0,0.0,0.61,0.406669377795852,0.7151162790697675,12.0
6,4,2026-02-03 20:39:57.263272,234,1.25,2.79,0.049,366,0.55,73,0,10.535653752852738,0.010000000000000009,0.5109435772306858,0.6376021798365122,30.0
6,4,2026-02-03 20:44:57.263283,204,1.15,3.09,0.063,461,0.55,80,1,21.633307652783937,-0.10000000000000009,0.6569274564394532,0.44155844155844154,1.0
6,4,2026-02-03 20:49:57.263294,203,1.71,3.32,0.091,459,0.64,86,1,17.61628034896508,0.56,0.9488952148569879,0.44130434782608696,8.0
6,4,2026-02-03 20:54:57.263304,195,2.01,3.43,0.108,521,0.55,93,1,4.93288286231622,0.2999999999999998,1.1261613538962054,0.3735632183908046,27.0
6,4,2026-02-03 20:59:57.263314,168,2.02,3.13,0.118,550,0.71,100,2,18.33939293797188,0.010000000000000231,1.2304355533310392,0.30490018148820325,13.0
6,4,2026-02-03 21:04:57.263324,155,2.45,3.4,0.143,611,0.68,106,2,20.40424792373717,0.43000000000000016,1.4911210519181237,0.25326797385620914,6.0
6,4,2026-02-03 21:09:57.263334,149,2.91,3.49,0.152,634,0.73,113,2,9.712534856222273,0.45999999999999996,1.5849678314094744,0.2346456692913386,27.0
6,4,2026-02-03 21:14:57.263344,122,3.17,5.06,0.164,724,0.88,120,2,17.578395831246926,0.2599999999999998,1.710096870731275,0.16827586206896553,0.0
7,0,2026-02-03 20:29:57.263361,247,0.1,0.94,0.021,300,0.13,60,0,0.0,0.0,0.21362956633198035,0.8205980066445183,-1.0
7,0,2026-02-03 20:34:57.263371,248,0.61,2.44,0.04,253,0.39,66,0,0.0,0.51,0.40691345967996256,0.9763779527559056,7.0
7,0,2026-02-03 20:39:57.263381,241,1.3,1.91,0.042,412,0.52,73,0,3.7859388972001864,0.6900000000000001,0.4272591326639607,0.5835351089588378,26.0
7,0,2026-02-03 20:44:57.263392,215,1.38,2.66,0.084,445,0.45,80,1,17.3877351409933,0.07999999999999985,0.8545182653279214,0.4820627802690583,19.0
7,0,2026-02-03 20:49:57.263402,196,1.26,2.19,0.09,449,0.5,86,1,22.5905584998099,-0.11999999999999988,0.9155552842799157,0.43555555555555553,13.0
7,0,2026-02-03 20:54:57.263412,183,2.08,2.67,0.093,546,0.55,93,1,16.093476939431085,0.8200000000000001,0.9460737937559129,0.33455210237659966,20.0
7,0,2026-02-03 20:59:57.263422,163,2.11,3.15,0.127,552,0.8,100,2,16.62327685305558,0.029999999999999805,1.2919502344838811,0.29475587703435807,13.0
7,0,2026-02-03 21:04:57.263433,150,2.41,4.27,0.146,622,0.76,106,2,16.62327685305558,0.30000000000000027,1.4852341278318633,0.24077046548956663,5.0
7,0,2026-02-03 21:09:57.263444,145,2.61,3.85,0.169,615,0.89,113,2,9.291573243177575,0.19999999999999973,1.719209367147842,0.2353896103896104,24.0
7,0,2026-02-03 21:14:57.263455,121,3.04,4.68,0.171,702,0.92,120,2,15.502687938977978,0.43000000000000016,1.73955504013184,0.1721194879089616,0.0
7,1,2026-02-03 20:29:57.263472,243,0.44,2.11,0.016,304,0.34,60,0,0.0,0.0,0.16376495634640384,0.7967213114754098,8.0
7,1,2026-02-03 20:34:57.263482,235,0.21,1.4,0.037,327,0.24,66,0,0.0,-0.23,0.37870646155105886,0.7164634146341463,17.0
7,1,2026-02-03 20:39:57.263492,218,1.03,2.68,0.066,379,0.39,73,0,12.767145334803704,0.8200000000000001,0.6755304449289158,0.5736842105263158,4.0
7,1,2026-02-03 20:44:57.263503,214,1.26,3.08,0.091,453,0.39,80,1,11.15048578911849,0.22999999999999998,0.9314131892201718,0.4713656387665198,33.0
7,1,2026-02-03 20:49:57.263513,181,1.77,2.47,0.099,502,0.67,86,1,20.305992547357384,0.51,1.0132956673933737,0.35984095427435386,12.0
7,1,2026-02-03 20:54:57.263523,169,2.2,3.0,0.096,512,0.69,93,1,23.302360395462095,0.43000000000000016,0.982589738078423,0.32943469785575047,5.0
7,1,2026-02-03 20:59:57.263533,164,2.13,2.8,0.103,570,0.55,100,2,8.736894948054134,-0.07000000000000028,1.0542369064799746,0.287215411558669,19.0
7,1,2026-02-03 21:04:57.263543,145,2.4,3.51,0.11,683,0.85,106,2,12.662279942148412,0.27,1.1258840748815264,0.21198830409356725,2.0
7,1,2026-02-03 21:09:57.263554,143,2.67,4.62,0.174,662,0.94,113,2,11.590225767142503,0.27,1.7809439002671414,0.21568627450980393,21.0
7,1,2026-02-03 21:14:57.263564,122,3.02,4.98,0.185,720,0.96,120,2,12.741009902410948,0.3500000000000001,1.8935323077552944,0.16920943134535368,0.0
7,2,2026-02-03 20:29:57.263581,246,0.39,0.92,0.03,277,0.08,60,0,0.0,0.0,0.31779324371563855,0.8848920863309353,7.0
7,2,2026-02-03 20:34:57.263591,239,0.98,2.94,0.023,349,0.39,66,0,0.0,0.59,0.24364148684865622,0.6828571428571428,18.0
7,2,2026-02-03 20:39:57.263601,221,1.35,2.45,0.049,383,0.36,73,0,12.897028081435407,0.3700000000000001,0.5190622980688764,0.5755208333333334,19.0
7,2,2026-02-03 20:44:57.263611,202,1.67,2.88,0.069,433,0.52,80,1,18.502252115170556,0.31999999999999984,0.7309244605459687,0.46543778801843316,18.0
7,2,2026-02-03 20:49:57.263621,184,1.49,2.28,0.09,447,0.61,86,1,18.502252115170556,-0.17999999999999994,0.9533797311469157,0.4107142857142857,-13.0
7,2,2026-02-03 20:54:57.263632,197,1.95,3.4,0.1,569,0.53,93,1,9.291573243177577,0.45999999999999996,1.059310812385462,0.3456140350877193,36.0
7,2,2026-02-03 20:59:57.263642,161,1.92,3.8,0.117,511,0.73,100,2,18.23001188516709,-0.030000000000000027,1.2393936504909904,0.314453125,-1.0
7,2,2026-02-03 21:04:57.263652,162,2.23,4.17,0.135,562,0.79,106,2,20.502032419575713,0.31000000000000005,1.4300695967203736,0.2877442273534636,-1.0
7,2,2026-02-03 21:09:57.263662,163,2.72,3.33,0.162,637,1.05,113,2,1.0000000000001705,0.4900000000000002,1.7160835160644483,0.2554858934169279,52.0
7,2,2026-02-03 21:14:57.263672,111,2.89,3.64,0.169,657,0.87,120,2,29.737742572921267,0.16999999999999993,1.7902352729314306,0.16869300911854104,0.0
7,3,2026-02-03 20:29:57.263689,245,0.62,2.56,0.02,309,0.26,60,0,0.0,0.0,0.21905565108815894,0.7903225806451613,25.0
7,3,2026-02-03 20:34:57.263699,220,0.63,2.06,0.038,357,0.37,66,0,0.0,0.010000000000000009,0.41620573706750197,0.6145251396648045,4.0
7,3,2026-02-03 20:39:57.263713,216,1.15,2.37,0.044,413,0.57,73,0,15.716233645501712,0.5199999999999999,0.4819224323939496,0.5217391304347826,-5.0
7,3,2026-02-03 20:44:57.263723,221,1.38,3.04,0.058,423,0.5,80,1,2.6457513110645907,0.22999999999999998,0.6352613881556609,0.5212264150943396,37.0
7,3,2026-02-03 20:49:57.263733,184,1.73,2.71,0.091,499,0.55,86,1,20.074859899884732,0.3500000000000001,0.9967032124511231,0.368,10.0
7,3,2026-02-03 20:54:57.263743,174,1.88,3.37,0.098,511,0.57,93,1,24.758836806279895,0.1499999999999999,1.073372690331979,0.33984375,-3.0
7,3,2026-02-03 20:59:57.263753,177,2.13,4.12,0.107,518,0.72,100,2,5.131601439446885,0.25,1.1719477333216501,0.34104046242774566,19.0
7,3,2026-02-03 21:04:57.263763,158,2.46,3.5,0.143,590,0.85,106,2,10.214368964029708,0.33000000000000007,1.5662479052803362,0.2673434856175973,35.0
7,3,2026-02-03 21:09:57.263773,123,2.9,4.38,0.146,637,0.68,113,2,27.39221300540234,0.43999999999999995,1.59910625294356,0.19278996865203762,-7.0
7,3,2026-02-03 21:14:57.263783,130,3.04,3.96,0.168,703,0.96,120,2,18.52025917745212,0.14000000000000012,1.8400674691405352,0.1846590909090909,0.0
7,4,2026-02-03 20:29:57.263800,269,0.19,1.47,0.012,328,0.38,60,0,0.0,0.0,0.13377777282304545,0.817629179331307,36.0
7,4,2026-02-03 20:34:57.263810,233,1.06,2.27,0.033,300,0.37,66,0,0.0,0.8700000000000001,0.367888875263375,0.7740863787375415,23.0
7,4,2026-02-03 20:39:57.263821,210,1.13,2.13,0.05,402,0.43,73,0,29.73774257292126,0.06999999999999984,0.5574073867626894,0.5210918114143921,-7.0
7,4,2026-02-03 20:44:57.263831,217,1.59,3.34,0.066,470,0.39,80,1,11.789826122551611,0.4600000000000002,0.73577775052675,0.4607218683651805,14.0
7,4,2026-02-03 20:49:57.263842,203,1.85,2.58,0.088,509,0.51,86,1,7.000000000000024,0.26,0.9810370007023332,0.3980392156862745,37.0
7,4,2026-02-03 20:54:57.263852,166,2.03,2.61,0.078,489,0.52,93,1,26.350205565295575,0.17999999999999972,0.8695555233497954,0.33877551020408164,-10.0
7,4,2026-02-03 20:59:57.263863,176,1.94,3.55,0.117,600,0.59,100,2,19.13983629327414,-0.08999999999999986,1.3043332850246931,0.2928452579034942,32.0
7,4,2026-02-03 21:04:57.263872,144,2.62,3.39,0.142,634,0.74,106,2,16.370705543744915,0.6800000000000002,1.5830369784060376,0.22677165354330708,7.0
7,4,2026-02-03 21:09:57.263883,137,3.01,4.4,0.147,662,1.01,113,2,20.792626898334273,0.3899999999999997,1.6387777170823066,0.2066365007541478,4.0
7,4,2026-02-03 21:14:57.263893,133,3.1,4.48,0.164,719,0.75,120,2,5.567764362830088,0.0900000000000003,1.828296228581621,0.18472222222222223,0.0
8,0,2026-02-03 20:29:57.263911,260,0.3,1.94,0.02,271,0.07,60,0,0.0,0.0,0.21505145105966603,0.9558823529411765,22.0
8,0,2026-02-03 20:34:57.263923,238,0.99,2.18,0.047,351,0.42,66,0,0.0,0.69,0.5053709099902152,0.6761363636363636,9.0
8,0,2026-02-03 20:39:57.263986,229,1.14,2.05,0.048,405,0.3,73,0,15.947831618540917,0.1499999999999999,0.5161234825431985,0.5640394088669951,32.0
8,0,2026-02-03 20:44:57.264008,197,1.54,2.88,0.079,433,0.57,80,1,21.54839514519199,0.40000000000000013,0.8494532316856808,0.4539170506912442,12.0
8,0,2026-02-03 20:49:57.264020,185,1.53,3.21,0.08,521,0.56,86,1,22.744962812309318,-0.010000000000000009,0.8602058042386641,0.3544061302681992,-2.0
8,0,2026-02-03 20:54:57.264031,187,2.04,3.77,0.093,537,0.64,93,1,6.429100507328653,0.51,0.999989247427447,0.3475836431226766,17.0
8,0,2026-02-03 20:59:57.264042,170,2.03,3.61,0.118,574,0.72,100,2,9.291573243177574,-0.010000000000000231,1.2688035612520294,0.2956521739130435,0.0
8,0,2026-02-03 21:04:57.264053,170,2.25,4.05,0.134,596,0.68,106,2,9.814954576223638,0.2200000000000002,1.4408447220997624,0.2847571189279732,20.0
8,0,2026-02-03 21:09:57.264063,150,2.64,4.15,0.147,678,0.94,113,2,11.54700538379252,0.3900000000000001,1.5806281652885452,0.22091310751104565,1.0
8,0,2026-02-03 21:14:57.264074,149,3.01,3.94,0.164,669,0.76,120,2,11.846237095944582,0.36999999999999966,1.7634218986892616,0.22238805970149253,0.0
8,1,2026-02-03 20:29:57.264175,234,0.72,2.32,0.013,295,0.23,60,0,0.0,0.0,0.14460350830357835,0.7905405405405406,-11.0
8,1,2026-02-03 20:34:57.264188,245,1.14,2.14,0.03,339,0.31,66,0,0.0,0.41999999999999993,0.33370040377748855,0.7205882352941176,21.0
8,1,2026-02-03 20:39:57.264199,224,1.16,2.67,0.041,404,0.59,73,0,10.50396750439249,0.020000000000000018,0.45605721849590103,0.5530864197530864,19.0
8,1,2026-02-03 20:44:57.264209,205,1.27,2.18,0.065,443,0.5,80,1,20.008331597945222,0.1100000000000001,0.7230175415178919,0.4617117117117117,9.0
8,1,2026-02-03 20:49:57.264219,196,1.46,2.23,0.102,459,0.5,86,1,14.294521094927706,0.18999999999999995,1.134581372843461,0.4260869565217391,-4.0
8,1,2026-02-03 20:54:57.264230,200,1.67,2.57,0.087,519,0.49,93,1,4.509249752822892,0.20999999999999996,0.9677311709547167,0.38461538461538464,40.0
8,1,2026-02-03 20:59:57.264240,160,1.97,3.46,0.121,578,0.69,100,2,22.030282189144412,0.30000000000000004,1.345924961902537,0.2763385146804836,2.0
8,1,2026-02-03 21:04:57.264250,158,2.48,3.92,0.129,572,0.85,106,2,23.69247419188915,0.51,1.4349117362432007,0.2757417102966841,7.0
8,1,2026-02-03 21:09:57.264261,151,2.49,4.05,0.138,683,0.9,113,2,4.725815626252612,0.010000000000000231,1.5350218573764474,0.22076023391812866,37.0
8,1,2026-02-03 21:14:57.264275,114,2.96,4.34,0.173,731,1.02,120,2,23.64318083507378,0.46999999999999975,1.9243389951168504,0.1557377049180328,0.0
8,2,2026-02-03 20:29:57.264300,247,0.49,1.86,0.017,251,0.29,60,0,0.0,0.0,0.18142815978484755,0.9801587301587301,6.0
8,2,2026-02-03 20:34:57.264310,241,0.7,2.21,0.041,343,0.35,66,0,0.0,0.20999999999999996,0.43756203242227937,0.7005813953488372,16.0
8,2,2026-02-03 20:39:57.264320,225,0.98,2.85,0.037,375,0.6,73,0,11.37248140615465,0.28,0.39487305364937403,0.598404255319149,20.0
8,2,2026-02-03 20:44:57.264331,205,1.34,2.76,0.069,394,0.57,80,1,18.03699901129157,0.3600000000000001,0.7363848838326166,0.5189873417721519,14.0
8,2,2026-02-03 20:49:57.264342,191,1.66,2.46,0.09,494,0.5,86,1,17.08800749063505,0.31999999999999984,0.9605020223903693,0.38585858585858585,17.0
8,2,2026-02-03 20:54:57.264352,174,2.23,3.64,0.1,504,0.66,93,1,15.524174696260008,0.5700000000000001,1.0672244693226327,0.3445544554455445,0.0
8,2,2026-02-03 20:59:57.264362,174,2.26,4.16,0.106,572,0.84,100,2,9.814954576223613,0.029999999999999805,1.1312579374819904,0.3036649214659686,11.0
8,2,2026-02-03 21:04:57.264372,163,2.48,3.08,0.154,631,0.75,106,2,6.350852961085888,0.2200000000000002,1.643525682756854,0.2579113924050633,9.0
8,2,2026-02-03 21:09:57.264382,154,3.19,4.09,0.161,647,0.94,113,2,10.016652800877813,0.71,1.7182313956094384,0.23765432098765432,18.0
8,2,2026-02-03 21:14:57.264392,136,3.43,4.3,0.162,681,1.07,120,2,13.747727084867519,0.2400000000000002,1.7289036403026647,0.19941348973607037,0.0
8,3,2026-02-03 20:29:57.264411,269,0.35,2.25,0.015,246,0.23,60,0,0.0,0.0,0.1547971641159534,1.0890688259109311,33.0
8,3,2026-02-03 20:34:57.264421,236,0.94,1.6,0.037,329,0.51,66,0,0.0,0.59,0.3818330048193517,0.7151515151515152,26.0
8,3,2026-02-03 20:39:57.264431,210,1.22,1.96,0.059,357,0.45,73,0,29.569128044860125,0.28,0.60886884552275,0.5865921787709497,-1.0
8,3,2026-02-03 20:44:57.264441,211,1.19,2.12,0.073,400,0.42,80,1,14.730919862656247,-0.030000000000000027,0.7533461986976399,0.5261845386533666,-15.0
8,3,2026-02-03 20:49:57.264451,226,1.86,2.9,0.097,463,0.5,86,1,8.962886439832523,0.6700000000000002,1.0010216612831653,0.4870689655172414,33.0
8,3,2026-02-03 20:54:57.264461,193,1.66,2.92,0.09,515,0.55,93,1,16.52271164185832,-0.20000000000000018,0.9287829846957203,0.374031007751938,22.0
8,3,2026-02-03 20:59:57.264472,171,2.76,3.55,0.124,592,0.72,100,2,27.682726262659422,1.0999999999999999,1.2796565566918814,0.28836424957841483,13.0
8,3,2026-02-03 21:04:57.264482,158,2.37,3.79,0.153,625,0.67,106,2,17.691806012954135,-0.3899999999999997,1.5789310739827247,0.2523961661341853,10.0
8,3,2026-02-03 21:09:57.264492,148,2.54,3.38,0.154,707,0.81,113,2,11.5325625946708,0.16999999999999993,1.589250884923788,0.20903954802259886,14.0
8,3,2026-02-03 21:14:57.264502,134,2.84,3.67,0.167,772,0.94,120,2,12.055427546683418,0.2999999999999998,1.7234084271576144,0.17335058214747737,0.0
8,4,2026-02-03 20:29:57.264519,236,0.39,1.22,0.021,313,0.09,60,0,0.0,0.0,0.23972329083001337,0.7515923566878981,-14.0
8,4,2026-02-03 20:34:57.264530,250,1.05,2.59,0.013,318,0.42,66,0,0.0,0.66,0.1484001324185797,0.7836990595611285,54.0
8,4,2026-02-03 20:39:57.264541,196,1.06,2.87,0.059,455,0.46,73,0,28.023799409311607,0.010000000000000009,0.6735082932843233,0.4298245614035088,-4.0
8,4,2026-02-03 20:44:57.264551,200,1.27,1.98,0.062,403,0.57,80,1,30.08875759039136,0.20999999999999996,0.7077544776886109,0.49504950495049505,-5.0
8,4,2026-02-03 20:49:57.264561,205,1.56,2.37,0.06,485,0.56,86,1,4.509249752822966,0.29000000000000004,0.6849236880857524,0.4218106995884774,30.0
8,4,2026-02-03 20:54:57.264575,175,2.29,3.82,0.113,530,0.81,93,1,16.072751268321614,0.73,1.2899396125615006,0.3295668549905838,2.0
8,4,2026-02-03 20:59:57.264586,173,2.24,4.0,0.099,561,0.68,100,2,17.925772879665026,-0.04999999999999982,1.1301240853414916,0.30782918149466193,3.0
8,4,2026-02-03 21:04:57.264597,170,2.51,4.33,0.134,587,0.76,106,2,2.5166114784237714,0.2699999999999996,1.529662903391514,0.2891156462585034,15.0
8,4,2026-02-03 21:09:57.264607,155,2.63,4.48,0.151,683,0.88,113,2,9.643650760993003,0.1200000000000001,1.7237246150158103,0.22660818713450293,25.0
8,4,2026-02-03 21:14:57.264617,130,3.04,3.65,0.164,736,0.85,120,2,20.207259421636923,0.41000000000000014,1.87212474743439,0.17639077340569878,0.0
9,0,2026-02-03 20:29:57.264636,231,0.62,1.45,0.007,255,0.28,60,0,0.0,0.0,0.07352863940504827,0.90234375,1.0
9,0,2026-02-03 20:34:57.264646,230,1.13,2.62,0.034,363,0.25,66,0,0.0,0.5099999999999999,0.35713910568166307,0.6318681318681318,9.0
9,0,2026-02-03 20:39:57.264656,221,1.05,2.76,0.056,434,0.57,73,0,5.5075705472861065,-0.07999999999999985,0.5882291152403861,0.5080459770114942,7.0
9,0,2026-02-03 20:44:57.264667,214,1.48,2.76,0.076,445,0.41,80,1,8.020806277010644,0.42999999999999994,0.7983109421119526,0.4798206278026906,4.0
9,0,2026-02-03 20:49:57.264677,210,1.75,2.5,0.088,474,0.6,86,1,5.567764362830017,0.27,0.9243600382348925,0.4421052631578947,25.0
9,0,2026-02-03 20:54:57.264687,185,2.0,3.48,0.118,527,0.73,93,1,15.71623364550171,0.25,1.2394827785422422,0.3503787878787879,26.0
9,0,2026-02-03 20:59:57.264697,159,2.25,3.46,0.11,594,0.64,100,2,25.501633934580212,0.25,1.1554500477936156,0.2672268907563025,13.0
9,0,2026-02-03 21:04:57.264709,146,2.29,3.43,0.13,611,0.86,106,2,19.8578280114753,0.040000000000000036,1.3655318746651823,0.238562091503268,12.0
9,0,2026-02-03 21:09:57.264719,134,3.03,4.76,0.164,673,0.93,113,2,12.503332889007364,0.7399999999999998,1.7226709803468452,0.19881305637982197,15.0
9,0,2026-02-03 21:14:57.264729,119,3.02,4.47,0.169,664,0.81,120,2,13.527749258468683,-0.009999999999999787,1.775191437064737,0.17894736842105263,0.0
9,1,2026-02-03 20:29:57.264746,255,0.31,1.14,0.005,318,0.4,60,0,0.0,0.0,0.05285356391581485,0.799373040752351,13.0
9,1,2026-02-03 20:34:57.264757,242,0.92,1.7,0.044,352,0.31,66,0,0.0,0.6100000000000001,0.4651113624591706,0.6855524079320113,29.0
9,1,2026-02-03 20:39:57.264767,213,0.66,1.21,0.05,403,0.38,73,0,21.50193789716018,-0.26,0.5285356391581485,0.5272277227722773,3.0
9,1,2026-02-03 20:44:57.264777,210,1.09,2.94,0.082,423,0.57,80,1,17.67295485574874,0.43000000000000005,0.8667984482193636,0.49528301886792453,10.0
9,1,2026-02-03 20:49:57.264787,200,1.67,2.54,0.08,481,0.68,86,1,6.806859285554,0.5799999999999998,0.8456570226530375,0.4149377593360996,25.0
9,1,2026-02-03 20:54:57.264797,175,1.96,3.96,0.106,491,0.61,93,1,18.02775637731993,0.29000000000000004,1.1204955550152749,0.3556910569105691,6.0
9,1,2026-02-03 20:59:57.264808,169,2.14,3.82,0.102,585,0.58,100,2,16.441816606851347,0.18000000000000016,1.0782127038826228,0.2883959044368601,6.0
9,1,2026-02-03 21:04:57.264818,163,2.71,3.27,0.143,622,0.88,106,2,5.999999999999962,0.5699999999999998,1.5116119279923046,0.26163723916532905,0.0
9,1,2026-02-03 21:09:57.264829,163,2.93,4.73,0.17,708,1.01,113,2,3.464101615137689,0.2200000000000002,1.797021173137705,0.229901269393512,38.0
9,1,2026-02-03 21:14:57.264839,125,2.73,4.13,0.164,711,0.69,120,2,21.939310229205784,-0.20000000000000018,1.7335968964387272,0.175561797752809,0.0
9,2,2026-02-03 20:29:57.264857,256,0.68,2.07,0.019,280,0.42,60,0,0.0,0.0,0.19729805505654144,0.9110320284697508,8.0
9,2,2026-02-03 20:34:57.264867,248,0.89,1.64,0.035,403,0.37,66,0,0.0,0.20999999999999996,0.36344378563047114,0.6138613861386139,15.0
9,2,2026-02-03 20:39:57.264877,233,1.32,2.23,0.057,358,0.31,73,0,11.676186592091327,0.43000000000000005,0.5918941651696243,0.649025069637883,20.0
9,2,2026-02-03 20:44:57.264887,213,1.25,2.75,0.088,423,0.53,80,1,17.55942292142123,-0.07000000000000006,0.9138015181566129,0.5023584905660378,1.0
9,2,2026-02-03 20:49:57.264897,212,1.78,3.54,0.077,569,0.46,86,1,11.84623709594458,0.53,0.7995763283870364,0.3719298245614035,32.0
9,2,2026-02-03 20:54:57.264908,180,1.56,3.44,0.109,574,0.79,93,1,18.770544300401454,-0.21999999999999997,1.1318677895348956,0.3130434782608696,15.0
9,2,2026-02-03 20:59:57.264917,165,2.14,2.69,0.112,562,0.79,100,2,24.006943440041116,0.5800000000000001,1.1630201140175076,0.29307282415630553,6.0
9,2,2026-02-03 21:04:57.264928,159,2.51,3.33,0.145,629,0.69,106,2,10.816653826391958,0.36999999999999966,1.5056956833262372,0.2523809523809524,7.0
9,2,2026-02-03 21:09:57.264938,152,2.6,4.6,0.156,657,0.95,113,2,6.50640709864769,0.0900000000000003,1.619920873095814,0.23100303951367782,24.0
9,2,2026-02-03 21:14:57.264948,128,2.96,3.56,0.165,693,0.83,120,2,16.25833119767626,0.3599999999999999,1.7133778465436496,0.1844380403458213,0.0
9,3,2026-02-03 20:29:57.264965,248,0.19,1.09,0.003,286,0.24,60,0,0.0,0.0,0.033669655783885706,0.8641114982578397,1.0
9,3,2026-02-03 20:34:57.264975,247,0.57,1.26,0.029,321,0.24,66,0,0.0,0.37999999999999995,0.3254733392442285,0.7670807453416149,29.0
9,3,2026-02-03 20:39:57.264985,218,1.09,1.91,0.05,398,0.52,73,0,17.03917055884274,0.5200000000000001,0.5611609297314284,0.5463659147869674,12.0
9,3,2026-02-03 20:44:57.264996,206,0.95,2.3,0.068,422,0.53,80,1,21.079215671683162,-0.14000000000000012,0.7631788644347427,0.48699763593380613,8.0
9,3,2026-02-03 20:49:57.265006,198,2.15,2.87,0.072,501,0.48,86,1,10.066445913694313,1.2,0.8080717388132568,0.3944223107569721,15.0
9,3,2026-02-03 20:54:57.265017,183,1.51,3.24,0.099,518,0.57,93,1,11.676186592091312,-0.6399999999999999,1.1110986408682282,0.35260115606936415,-4.0
9,3,2026-02-03 20:59:57.265028,187,2.1,3.46,0.131,587,0.66,100,2,7.767453465153999,0.5900000000000001,1.4702416358963424,0.31802721088435376,23.0
9,3,2026-02-03 21:04:57.265037,164,2.69,4.67,0.138,602,0.85,106,2,12.288205727444492,0.5899999999999999,1.5488041660587424,0.27197346600331673,22.0
9,3,2026-02-03 21:09:57.265047,142,2.44,4.05,0.12,611,0.79,113,2,22.501851775650223,-0.25,1.346786231355428,0.23202614379084968,2.0
9,3,2026-02-03 21:14:57.265057,140,2.95,3.94,0.181,746,0.87,120,2,13.316656236958782,0.5100000000000002,2.0314025656277708,0.18741633199464525,0.0
9,4,2026-02-03 20:29:57.265074,247,0.44,2.37,0.023,262,0.26,60,0,0.0,0.0,0.25026931154176774,0.9391634980988594,-16.0
9,4,2026-02-03 20:34:57.265084,263,0.53,1.86,0.043,388,0.25,66,0,0.0,0.09000000000000002,0.46789479983895704,0.6760925449871465,38.0
9,4,2026-02-03 20:39:57.265095,225,0.84,1.62,0.044,367,0.48,73,0,19.078784028338912,0.30999999999999994,0.4787760742538165,0.6114130434782609,20.0
9,4,2026-02-03 20:44:57.265105,205,1.41,3.36,0.068,400,0.52,80,1,29.46183972531247,0.57,0.7399266602104438,0.5112219451371571,-3.0
9,4,2026-02-03 20:49:57.265115,208,1.51,2.56,0.088,452,0.61,86,1,10.785793124908956,0.10000000000000009,0.957552148507633,0.45916114790286977,20.0
9,4,2026-02-03 20:54:57.265135,188,1.99,2.82,0.094,534,0.6,93,1,10.785793124908956,0.48,1.02283979499679,0.3514018691588785,27.0
9,4,2026-02-03 20:59:57.265149,161,1.99,2.49,0.123,577,0.84,100,2,23.586719427112648,0.0,1.3383967530277143,0.27854671280276816,-2.0
9,4,2026-02-03 21:04:57.265159,163,2.42,3.45,0.125,610,0.68,106,2,15.044378795195664,0.42999999999999994,1.3601593018574334,0.26677577741407527,30.0
9,4,2026-02-03 21:09:57.265169,133,2.59,3.45,0.153,682,0.99,113,2,16.772994167212154,0.16999999999999993,1.6648349854734985,0.19472913616398244,6.0
9,4,2026-02-03 21:14:57.265179,127,2.99,4.13,0.158,684,1.04,120,2,19.287301521985903,0.40000000000000036,1.7192413575477958,0.1854014598540146,0.0
10,0,2026-02-03 20:29:57.265200,246,0.58,1.13,0.014,266,0.54,60,0,0.0,0.0,0.15037432465816697,0.9213483146067416,8.0
10,0,2026-02-03 20:34:57.265210,238,0.78,2.03,0.046,281,0.54,66,0,0.0,0.20000000000000007,0.4940870667339771,0.8439716312056738,18.0
10,0,2026-02-03 20:39:57.265222,220,1.11,1.65,0.038,379,0.46,73,0,13.316656236958782,0.33000000000000007,0.4081588812150246,0.5789473684210527,19.0
10,0,2026-02-03 20:44:57.265232,201,1.17,2.24,0.065,419,0.63,80,1,18.50225211517055,0.05999999999999983,0.6981665073414894,0.4785714285714286,10.0
10,0,2026-02-03 20:49:57.265242,191,1.68,3.34,0.094,444,0.64,86,1,14.73091986265622,0.51,1.0096561798476924,0.42921348314606744,7.0
10,0,2026-02-03 20:54:57.265252,184,1.76,2.29,0.102,525,0.76,93,1,8.544003745317506,0.08000000000000007,1.0955843653666448,0.34980988593155893,22.0
10,0,2026-02-03 20:59:57.265262,162,2.32,3.34,0.125,572,0.77,100,2,15.132745950421542,0.5599999999999998,1.3426278987336335,0.28272251308900526,20.0
10,0,2026-02-03 21:04:57.265272,142,2.21,3.98,0.148,584,0.86,106,2,21.007935008784962,-0.10999999999999988,1.589671432100622,0.24273504273504273,-10.0
10,0,2026-02-03 21:09:57.265282,152,3.02,5.01,0.142,617,0.82,113,2,9.999999999999966,0.81,1.5252252929614076,0.2459546925566343,30.0
10,0,2026-02-03 21:14:57.265294,122,2.84,4.59,0.157,719,0.88,120,2,15.27525231651944,-0.18000000000000016,1.6863406408094437,0.16944444444444445,0.0
10,1,2026-02-03 20:29:57.265312,253,0.27,1.0,0.019,314,0.14,60,0,0.0,0.0,0.19607640788020764,0.8031746031746032,17.0
10,1,2026-02-03 20:34:57.265322,236,1.19,2.82,0.033,358,0.52,66,0,0.0,0.9199999999999999,0.3405537610550975,0.6573816155988857,23.0
10,1,2026-02-03 20:39:57.265333,213,1.41,2.51,0.051,406,0.32,73,0,20.074859899884732,0.21999999999999997,0.5263103579942415,0.5233415233415234,-6.0
10,1,2026-02-03 20:44:57.265343,219,1.23,2.24,0.065,470,0.47,80,1,11.930353445448853,-0.17999999999999994,0.6707877111691314,0.46496815286624205,19.0
10,1,2026-02-03 20:49:57.265353,200,1.5,2.8,0.086,422,0.64,86,1,9.7125348562223,0.27,0.887503740931466,0.4728132387706856,33.0
10,1,2026-02-03 20:54:57.265363,167,1.65,2.32,0.101,549,0.64,93,1,26.312227829154512,0.1499999999999999,1.0423009050474197,0.30363636363636365,-15.0
10,1,2026-02-03 20:59:57.265373,182,2.0,3.49,0.139,590,0.68,100,2,16.522711641858308,0.3500000000000001,1.434453720807835,0.3079526226734349,17.0
10,1,2026-02-03 21:04:57.265384,165,2.54,3.2,0.142,577,1.01,106,2,9.291573243177577,0.54,1.4654131536310253,0.28546712802768165,7.0
10,1,2026-02-03 21:09:57.265394,158,2.84,3.39,0.158,717,0.66,113,2,12.34233905438242,0.2999999999999998,1.6305301286880425,0.2200557103064067,23.0
10,1,2026-02-03 21:14:57.265405,135,2.99,4.01,0.175,687,1.09,120,2,15.695009822658076,0.15000000000000036,1.8059669146861228,0.19622093023255813,0.0
10,2,2026-02-03 20:29:57.265422,255,0.23,1.11,0.001,330,0.34,60,0,0.0,0.0,0.011061824537339188,0.770392749244713,14.0
10,2,2026-02-03 20:34:57.265433,241,0.34,1.38,0.033,326,0.47,66,0,0.0,0.11000000000000001,0.3650402097321932,0.7370030581039755,33.0
10,2,2026-02-03 20:39:57.265445,208,0.49,2.25,0.048,349,0.48,73,0,24.131583730317683,0.14999999999999997,0.530967577792281,0.5942857142857143,-6.0
10,2,2026-02-03 20:44:57.265455,214,1.17,2.12,0.048,439,0.54,80,1,17.578395831246937,0.6799999999999999,0.530967577792281,0.4863636363636364,23.0
10,2,2026-02-03 20:49:57.265465,191,1.62,2.83,0.075,468,0.58,86,1,11.930353445448842,0.4500000000000002,0.829636840300439,0.4072494669509595,8.0
10,2,2026-02-03 20:54:57.265475,183,2.23,2.83,0.108,493,0.61,93,1,16.093476939431074,0.6099999999999999,1.1946770500326322,0.37044534412955465,7.0
10,2,2026-02-03 20:59:57.265485,176,2.2,3.69,0.118,547,0.48,100,2,7.505553499465123,-0.029999999999999805,1.305295295406024,0.32116788321167883,8.0
10,2,2026-02-03 21:04:57.265495,168,2.53,3.95,0.141,569,0.7,106,2,7.505553499465123,0.3299999999999996,1.5597172597648252,0.29473684210526313,28.0
10,2,2026-02-03 21:09:57.265507,140,2.57,3.69,0.165,694,0.82,113,2,18.90326250501043,0.040000000000000036,1.825201048660966,0.2014388489208633,17.0
10,2,2026-02-03 21:14:57.265518,123,2.92,4.66,0.167,697,0.85,120,2,22.722969289539016,0.3500000000000001,1.8473246977356443,0.17621776504297995,0.0
10,3,2026-02-03 20:29:57.265537,234,0.56,1.81,0.024,292,0.44,60,0,0.0,0.0,0.2550451111040265,0.7986348122866894,-16.0
10,3,2026-02-03 20:34:57.265547,250,1.07,2.37,0.031,322,0.55,66,0,0.0,0.51,0.3294332685093676,0.7739938080495357,19.0
10,3,2026-02-03 20:39:57.265557,231,1.17,1.89,0.055,426,0.41,73,0,10.214368964029712,0.09999999999999987,0.5844783796133941,0.5409836065573771,10.0
10,3,2026-02-03 20:44:57.265567,221,1.48,2.36,0.068,431,0.62,80,1,14.730919862656236,0.31000000000000005,0.7226278147947418,0.5115740740740741,44.0
10,3,2026-02-03 20:49:57.265577,177,1.64,3.0,0.084,475,0.72,86,1,28.72861523522032,0.15999999999999992,0.8926578888640928,0.37184873949579833,1.0
10,3,2026-02-03 20:54:57.265587,176,2.15,3.86,0.092,518,0.69,93,1,25.696951829610708,0.51,0.9776729258987683,0.33911368015414256,14.0
10,3,2026-02-03 20:59:57.265597,162,2.34,4.33,0.121,556,0.83,100,2,8.386497083606072,0.18999999999999995,1.285852435149467,0.29084380610412924,-5.0
10,3,2026-02-03 21:04:57.265607,167,2.53,3.36,0.125,624,0.58,106,2,7.0945988845975725,0.18999999999999995,1.3283599536668047,0.2672,36.0
10,3,2026-02-03 21:09:57.265617,131,2.67,3.43,0.168,641,0.75,113,2,19.5021366350801,0.14000000000000012,1.7853157777281856,0.20404984423676012,4.0
10,3,2026-02-03 21:14:57.265627,127,2.77,3.62,0.173,714,0.86,120,2,22.030282189144405,0.10000000000000009,1.8384501758748577,0.17762237762237762,0.0
10,4,2026-02-03 20:29:57.265645,248,0.65,1.23,0.021,284,0.26,60,0,0.0,0.0,0.2198929854137653,0.8701754385964913,13.0
10,4,2026-02-03 20:34:57.265655,235,0.74,2.42,0.037,341,0.36,66,0,0.0,0.08999999999999997,0.3874304981099674,0.6871345029239766,29.0
10,4,2026-02-03 20:39:57.265665,206,1.35,3.31,0.036,399,0.33,73,0,21.50193789716018,0.6100000000000001,0.37695940356645474,0.515,-13.0
10,4,2026-02-03 20:44:57.265675,219,1.28,2.6,0.078,430,0.44,80,1,14.525839046333939,-0.07000000000000006,0.8167453743939854,0.5081206496519721,19.0
10,4,2026-02-03 20:49:57.265685,200,1.71,2.55,0.093,461,0.37,86,1,9.712534856222298,0.42999999999999994,0.9738117925466748,0.4329004329004329,23.0
10,4,2026-02-03 20:54:57.265696,177,2.02,2.6,0.096,435,0.6,93,1,21.031722072463133,0.31000000000000005,1.0052250761772128,0.4059633027522936,18.0
10,4,2026-02-03 20:59:57.265706,159,1.84,3.13,0.123,531,0.76,100,2,20.550750189064452,-0.17999999999999994,1.2879446288520537,0.29887218045112784,-4.0
10,4,2026-02-03 21:04:57.265717,163,2.41,3.31,0.135,576,0.59,106,2,9.451631252505173,0.5700000000000001,1.4135977633742056,0.2824956672443674,24.0
10,4,2026-02-03 21:09:57.265728,139,2.75,3.3,0.169,629,0.89,113,2,12.85820101465724,0.33999999999999986,1.7696149778536352,0.22063492063492063,21.0
10,4,2026-02-03 21:14:57.265738,118,3.1,4.94,0.167,669,0.82,120,2,22.516660498395385,0.3500000000000001,1.7486727887666098,0.1761194029850746,0.0
11,0,2026-02-03 20:29:57.265756,235,0.4,1.91,0.025,329,0.26,60,0,0.0,0.0,0.257199000010288,0.7121212121212122,-13.0
11,0,2026-02-03 20:34:57.265766,248,0.87,1.91,0.03,308,0.46,66,0,0.0,0.47,0.30863880001234556,0.8025889967637541,16.0
11,0,2026-02-03 20:39:57.265777,232,1.42,3.22,0.051,334,0.3,73,0,8.504900548115385,0.5499999999999999,0.5246859600209874,0.6925373134328359,5.0
11,0,2026-02-03 20:44:57.265787,227,0.97,2.32,0.062,422,0.54,80,1,10.969655114602887,-0.44999999999999996,0.6378535200255142,0.5366430260047281,29.0
11,0,2026-02-03 20:49:57.265798,198,1.7,3.43,0.101,486,0.63,86,1,18.357559750685816,0.73,1.0390839600415636,0.406570841889117,22.0
11,0,2026-02-03 20:54:57.265808,176,2.01,2.66,0.099,549,0.68,93,1,25.579940057266228,0.30999999999999983,1.0185080400407405,0.32,-5.0
11,0,2026-02-03 20:59:57.265818,181,1.93,3.32,0.136,594,0.53,100,2,11.532562594670805,-0.07999999999999985,1.3991625600559667,0.3042016806722689,7.0
11,0,2026-02-03 21:04:57.265828,174,2.63,3.47,0.129,579,0.84,106,2,3.6055512754640207,0.7,1.327146840053086,0.3,17.0
11,0,2026-02-03 21:09:57.265838,157,2.86,3.69,0.164,665,0.8,113,2,12.342339054382418,0.22999999999999998,1.687225440067489,0.23573573573573572,49.0
11,0,2026-02-03 21:14:57.265848,108,2.96,4.16,0.175,667,1.09,120,2,34.26854728950928,0.10000000000000009,1.8003930000720156,0.16167664670658682,0.0
11,1,2026-02-03 20:29:57.265865,237,0.54,1.48,0.022,302,0.46,60,0,0.0,0.0,0.2279769121563507,0.7821782178217822,-19.0
11,1,2026-02-03 20:34:57.265875,256,0.62,1.25,0.037,294,0.47,66,0,0.0,0.07999999999999996,0.38341571589931706,0.8677966101694915,35.0
11,1,2026-02-03 20:39:57.265885,221,1.21,1.92,0.043,419,0.62,73,0,17.52141546793523,0.59,0.44559123739650364,0.5261904761904762,9.0
11,1,2026-02-03 20:44:57.265895,212,1.36,2.87,0.072,444,0.51,80,1,23.245071162148186,0.15000000000000013,0.7461062579662386,0.4764044943820225,25.0
11,1,2026-02-03 20:49:57.265905,187,1.47,2.96,0.099,529,0.68,86,1,17.616280348965073,0.10999999999999988,1.0258961047035782,0.35283018867924526,17.0
11,1,2026-02-03 20:54:57.265915,170,1.49,2.19,0.11,529,0.7,93,1,21.126602503321084,0.020000000000000018,1.1398845607817536,0.32075471698113206,3.0
11,1,2026-02-03 20:59:57.265926,167,1.99,3.58,0.116,574,0.57,100,2,10.78579312490892,0.5,1.2020600822789402,0.29043478260869565,18.0
11,1,2026-02-03 21:04:57.265935,149,2.45,4.23,0.134,613,0.82,106,2,11.357816691600508,0.4600000000000002,1.3885866467705,0.24267100977198697,15.0
11,1,2026-02-03 21:09:57.265945,134,2.73,4.05,0.168,607,0.69,113,2,16.52271164185828,0.2799999999999998,1.7409146019212236,0.22039473684210525,10.0
11,1,2026-02-03 21:14:57.265955,124,2.94,3.58,0.164,742,0.65,120,2,12.583057392117878,0.20999999999999996,1.6994642542564327,0.16689098250336473,0.0
11,2,2026-02-03 20:29:57.265975,262,0.57,1.56,0.012,251,0.42,60,0,0.0,0.0,0.13244886921777904,1.0396825396825398,14.0
11,2,2026-02-03 20:34:57.265985,248,0.62,2.07,0.033,350,0.26,66,0,0.0,0.050000000000000044,0.36423439034889243,0.7065527065527065,14.0
11,2,2026-02-03 20:39:57.265997,234,1.27,2.9,0.053,421,0.51,73,0,14.0,0.65,0.5849825057118575,0.5545023696682464,10.0
11,2,2026-02-03 20:44:57.266008,224,1.24,2.67,0.053,422,0.54,80,1,12.05542754668342,-0.030000000000000027,0.5849825057118575,0.5295508274231678,28.0
11,2,2026-02-03 20:49:57.266019,196,1.41,2.79,0.078,480,0.68,86,1,19.697715603592215,0.16999999999999993,0.8609176499155639,0.4074844074844075,-10.0
11,2,2026-02-03 20:54:57.266028,206,2.02,3.75,0.091,522,0.57,93,1,14.18919776919518,0.6100000000000001,1.004403924901491,0.3938814531548757,47.0
11,2,2026-02-03 20:59:57.266038,159,2.33,3.29,0.128,573,0.73,100,2,24.758836806279895,0.31000000000000005,1.4127879383229767,0.2770034843205575,-10.0
11,2,2026-02-03 21:04:57.266048,169,2.28,3.74,0.15,570,0.75,106,2,24.758836806279895,-0.050000000000000266,1.655610865222238,0.29597197898423816,21.0
11,2,2026-02-03 21:09:57.266058,148,3.08,4.12,0.15,650,0.91,113,2,10.503967504392483,0.8000000000000003,1.655610865222238,0.22734254992319508,8.0
11,2,2026-02-03 21:14:57.266068,140,3.24,4.33,0.158,691,1.06,120,2,14.977761292440647,0.16000000000000014,1.7439101113674242,0.2023121387283237,0.0
11,3,2026-02-03 20:29:57.266086,256,0.47,1.35,0.022,270,0.29,60,0,0.0,0.0,0.23354316833154637,0.9446494464944649,16.0
11,3,2026-02-03 20:34:57.266096,240,0.74,2.0,0.032,358,0.27,66,0,0.0,0.27,0.3396991539367948,0.6685236768802229,29.0
11,3,2026-02-03 20:39:57.266106,211,0.72,1.39,0.051,417,0.59,73,0,22.810816147900827,-0.020000000000000018,0.5413955265867666,0.5047846889952153,13.0
11,3,2026-02-03 20:44:57.266116,198,1.73,2.32,0.062,445,0.51,80,1,21.50193789716018,1.01,0.6581671107525399,0.4439461883408072,3.0
11,3,2026-02-03 20:49:57.266132,195,1.37,2.77,0.069,522,0.48,86,1,8.504900548115385,-0.3599999999999999,0.7324763006762137,0.372848948374761,16.0
11,3,2026-02-03 20:54:57.266143,179,1.67,3.27,0.1,587,0.75,93,1,10.21436896402971,0.2999999999999998,1.0615598560524837,0.304421768707483,7.0
11,3,2026-02-03 20:59:57.266153,172,2.37,3.39,0.122,608,0.71,100,2,11.789826122551595,0.7000000000000002,1.29510302438403,0.2824302134646962,24.0
11,3,2026-02-03 21:04:57.266163,148,2.4,3.34,0.145,608,0.76,106,2,16.25833119767627,0.029999999999999805,1.539261791276101,0.24302134646962234,-15.0
11,3,2026-02-03 21:09:57.266174,163,2.45,3.07,0.165,665,0.83,113,2,12.12435565298215,0.050000000000000266,1.751573762486598,0.24474474474474475,42.0
11,3,2026-02-03 21:14:57.266184,121,3.22,4.9,0.174,705,0.89,120,2,21.283796653792766,0.77,1.8471141495313212,0.17138810198300283,0.0
11,4,2026-02-03 20:29:57.266204,254,0.1,1.36,0.022,314,0.44,60,0,0.0,0.0,0.23938803712690826,0.8063492063492064,19.0
11,4,2026-02-03 20:34:57.266214,235,0.66,1.36,0.045,404,0.28,66,0,0.0,0.56,0.489657348668676,0.5802469135802469,18.0
11,4,2026-02-03 20:39:57.266225,217,1.03,2.43,0.051,413,0.4,73,0,18.50225211517056,0.37,0.5549449951578328,0.5241545893719807,22.0
11,4,2026-02-03 20:44:57.266236,195,1.4,2.43,0.082,440,0.64,80,1,20.03330560175563,0.3699999999999999,0.8922645020184763,0.4421768707482993,-6.0
11,4,2026-02-03 20:49:57.266246,201,1.83,3.51,0.071,530,0.57,86,1,11.372481406154655,0.43000000000000016,0.7725704834550221,0.3785310734463277,12.0
11,4,2026-02-03 20:54:57.266256,189,1.62,3.06,0.108,483,0.66,93,1,6.000000000000011,-0.20999999999999996,1.1751776368048223,0.390495867768595,18.0
11,4,2026-02-03 20:59:57.266266,171,2.04,3.69,0.105,570,0.64,100,2,15.099668870541503,0.41999999999999993,1.142533813560244,0.29947460595446584,12.0
11,4,2026-02-03 21:04:57.266276,159,2.2,2.98,0.135,596,0.64,106,2,15.099668870541503,0.16000000000000014,1.4689720460060283,0.2663316582914573,17.0
11,4,2026-02-03 21:09:57.266288,142,2.61,3.88,0.13,645,0.81,113,2,14.571661996262936,0.4099999999999997,1.4145656739317307,0.21981424148606812,11.0
11,4,2026-02-03 21:14:57.266298,131,2.85,3.46,0.17,750,1.09,120,2,14.106735979665896,0.2400000000000002,1.8498166505261096,0.1744340878828229,0.0
12,0,2026-02-03 20:29:57.266316,251,0.7,2.64,0.041,317,0.25,60,0,0.0,0.0,0.438497983978781,0.789308176100629,7.0
12,0,2026-02-03 20:34:57.266326,244,0.45,1.49,0.038,373,0.16,66,0,0.0,-0.24999999999999994,0.40641276563887013,0.6524064171122995,10.0
12,0,2026-02-03 20:39:57.266336,234,1.33,2.45,0.027,379,0.44,73,0,8.54400374531753,0.8800000000000001,0.28876696505919724,0.6157894736842106,19.0
12,0,2026-02-03 20:44:57.266346,215,1.15,2.24,0.081,423,0.48,80,1,14.730919862656235,-0.18000000000000016,0.8663008951775917,0.5070754716981132,14.0
12,0,2026-02-03 20:49:57.266356,201,1.5,3.02,0.073,557,0.48,86,1,16.563010998406458,0.3500000000000001,0.7807403129378295,0.3602150537634409,31.0
12,0,2026-02-03 20:54:57.266366,170,1.99,3.74,0.1,507,0.5,93,1,23.028967265887832,0.49,1.0695072779970267,0.3346456692913386,-3.0
12,0,2026-02-03 20:59:57.266377,173,2.15,2.92,0.114,599,0.64,100,2,17.097758137642884,0.15999999999999992,1.2192382969166105,0.28833333333333333,1.0
12,0,2026-02-03 21:04:57.266387,172,2.68,4.39,0.139,587,0.81,106,2,1.5275252316520218,0.5300000000000002,1.4866151164158674,0.2925170068027211,16.0
12,0,2026-02-03 21:09:57.266397,156,2.28,3.38,0.155,655,0.87,113,2,9.539392014169469,-0.40000000000000036,1.6577362808953915,0.23780487804878048,35.0
12,0,2026-02-03 21:14:57.266407,121,2.8,3.54,0.167,682,0.78,120,2,26.083200212652844,0.52,1.7860771542550349,0.17715959004392387,0.0
12,1,2026-02-03 20:29:57.266424,248,0.91,2.04,0.031,248,0.18,60,0,0.0,0.0,0.3340481244814172,0.9959839357429718,9.0
12,1,2026-02-03 20:34:57.266434,239,1.29,2.65,0.023,364,0.29,66,0,0.0,0.38,0.24784215687330952,0.6547945205479452,17.0
12,1,2026-02-03 20:39:57.266449,222,1.02,2.69,0.037,401,0.49,73,0,13.203534880225577,-0.27,0.3987026001874979,0.5522388059701493,-5.0
12,1,2026-02-03 20:44:57.266460,227,1.46,2.88,0.078,399,0.5,80,1,8.736894948054115,0.43999999999999995,0.8405081841790497,0.5675,36.0
12,1,2026-02-03 20:49:57.266470,191,1.3,2.7,0.068,481,0.57,86,1,19.50213663508011,-0.15999999999999992,0.7327507246689152,0.3962655601659751,10.0
12,1,2026-02-03 20:54:57.266480,181,2.09,2.63,0.094,541,0.65,93,1,24.193663082165415,0.7899999999999998,1.012920119395265,0.3339483394833948,13.0
12,1,2026-02-03 20:59:57.266490,168,1.91,2.55,0.129,630,0.76,100,2,11.532562594670805,-0.17999999999999994,1.390071227680736,0.2662440570522979,37.0
12,1,2026-02-03 21:04:57.266500,131,2.44,2.97,0.137,617,0.87,106,2,25.9422435421457,0.53,1.4762771952888438,0.21197411003236247,-14.0
12,1,2026-02-03 21:09:57.266510,145,2.9,4.62,0.169,642,0.85,113,2,18.68154169226941,0.45999999999999996,1.8211010657212745,0.2255054432348367,7.0
12,1,2026-02-03 21:14:57.266520,138,2.89,3.69,0.162,675,0.79,120,2,7.000000000000016,-0.009999999999999787,1.7456708440641802,0.20414201183431951,0.0
12,2,2026-02-03 20:29:57.266537,271,0.77,1.91,0.013,306,0.15,60,0,0.0,0.0,0.13888740504909136,0.8827361563517915,34.0
12,2,2026-02-03 20:34:57.266547,237,0.63,2.35,0.021,376,0.43,66,0,0.0,-0.14,0.22435657738699377,0.6286472148541115,-9.0
12,2,2026-02-03 20:39:57.266557,246,0.76,2.25,0.058,394,0.5,73,0,17.616280348965084,0.13,0.6196514994497923,0.6227848101265823,40.0
12,2,2026-02-03 20:44:57.266567,206,1.28,2.11,0.075,494,0.5,80,1,20.984120980716188,0.52,0.8012734906678348,0.4161616161616162,2.0
12,2,2026-02-03 20:49:57.266579,204,1.45,3.09,0.079,426,0.62,86,1,23.692474191889143,0.16999999999999993,0.844008076836786,0.477751756440281,19.0
12,2,2026-02-03 20:54:57.266589,185,2.09,3.74,0.096,492,0.6,93,1,11.590225767142462,0.6399999999999999,1.0256300680548287,0.3752535496957404,4.0
12,2,2026-02-03 20:59:57.266599,181,2.35,3.71,0.12,522,0.63,100,2,12.288205727444499,0.26000000000000023,1.2820375850685357,0.34608030592734224,43.0
12,2,2026-02-03 21:04:57.266609,138,2.7,3.55,0.144,564,0.7,106,2,26.05762844159076,0.3500000000000001,1.5384451020822427,0.24424778761061947,-11.0
12,2,2026-02-03 21:09:57.266620,149,2.6,4.46,0.167,634,0.68,113,2,22.338307903688673,-0.10000000000000009,1.7841689725537124,0.2346456692913386,31.0
12,2,2026-02-03 21:14:57.266630,118,3.0,3.66,0.163,675,0.79,120,2,15.716233645501704,0.3999999999999999,1.741434386384761,0.17455621301775148,0.0
12,3,2026-02-03 20:29:57.266647,252,0.54,1.49,0.014,312,0.33,60,0,0.0,0.0,0.14690297058792667,0.805111821086262,14.0
12,3,2026-02-03 20:34:57.266657,238,0.55,1.8,0.049,349,0.59,66,0,0.0,0.010000000000000009,0.5141603970577433,0.68,19.0
12,3,2026-02-03 20:39:57.266667,219,0.91,2.61,0.052,399,0.55,73,0,16.563010998406465,0.36,0.5456396050408704,0.5475,2.0
12,3,2026-02-03 20:44:57.266677,217,1.5,2.2,0.066,464,0.59,80,1,11.590225767142483,0.59,0.6925425756287972,0.4666666666666667,32.0
12,3,2026-02-03 20:49:57.266687,185,1.78,3.59,0.085,531,0.53,86,1,19.078784028338916,0.28,0.891910892855269,0.34774436090225563,-8.0
12,3,2026-02-03 20:54:57.266698,193,1.96,3.28,0.1,540,0.55,93,1,16.653327995729068,0.17999999999999994,1.0493069327709048,0.3567467652495379,-1.0
12,3,2026-02-03 20:59:57.266712,194,2.22,3.41,0.124,578,0.64,100,2,4.932882862316278,0.26000000000000023,1.3011405966359217,0.33506044905008636,35.0
12,3,2026-02-03 21:04:57.266723,159,2.54,4.09,0.146,637,0.74,106,2,19.924858845171283,0.31999999999999984,1.5319881218455207,0.24921630094043887,22.0
12,3,2026-02-03 21:09:57.266734,137,2.79,3.9,0.154,661,0.69,113,2,28.74601421646719,0.25,1.6159326764671933,0.20694864048338368,0.0
12,3,2026-02-03 21:14:57.266744,137,3.2,4.29,0.163,712,0.9,120,2,12.701705922171795,0.41000000000000014,1.7103703004165747,0.19214586255259467,0.0
12,4,2026-02-03 20:29:57.266761,235,0.24,1.26,0.001,328,0.3,60,0,0.0,0.0,0.010183195690471585,0.7142857142857143,-12.0
12,4,2026-02-03 20:34:57.266772,247,0.55,2.52,0.037,339,0.36,66,0,0.0,0.31000000000000005,0.3767782405474486,0.7264705882352941,14.0
12,4,2026-02-03 20:39:57.266782,233,1.4,2.52,0.067,377,0.48,73,0,7.5718777944003675,0.8499999999999999,0.6822741112615962,0.6164021164021164,28.0
12,4,2026-02-03 20:44:57.266792,205,1.13,2.32,0.088,459,0.42,80,1,21.385353243127255,-0.27,0.8961212207614994,0.44565217391304346,29.0
12,4,2026-02-03 20:49:57.266802,176,1.64,3.03,0.087,478,0.54,86,1,28.501461950807602,0.51,0.8859380250710278,0.3674321503131524,-13.0
12,4,2026-02-03 20:54:57.266812,189,1.61,2.11,0.099,500,0.69,93,1,14.52583904633395,-0.029999999999999805,1.0081363733566868,0.3772455089820359,16.0
12,4,2026-02-03 20:59:57.266823,173,2.2,3.35,0.12,535,0.58,100,2,8.504900548115385,0.5900000000000001,1.22198348285659,0.32276119402985076,32.0
12,4,2026-02-03 21:04:57.266833,141,2.74,3.41,0.145,648,0.72,106,2,24.440403706431145,0.54,1.4765633751183795,0.2172573189522342,5.0
12,4,2026-02-03 21:09:57.266843,136,2.33,3.84,0.165,656,0.81,113,2,20.07485989988472,-0.41000000000000014,1.6802272889278114,0.2070015220700152,-9.0
12,4,2026-02-03 21:14:57.266854,145,3.0,4.98,0.173,675,0.98,120,2,4.50924975282286,0.6699999999999999,1.761692854451584,0.21449704142011836,0.0
13,0,2026-02-03 20:29:57.266873,252,0.5,2.29,0.023,283,0.16,60,0,0.0,0.0,0.23809277336673534,0.8873239436619719,21.0
13,0,2026-02-03 20:34:57.266883,231,0.67,2.41,0.047,320,0.29,66,0,0.0,0.17000000000000004,0.4865374064450679,0.719626168224299,26.0
13,0,2026-02-03 20:39:57.266893,205,1.15,2.28,0.063,379,0.43,73,0,23.54428451521374,0.47999999999999987,0.652167161830623,0.5394736842105263,-14.0
13,0,2026-02-03 20:44:57.266903,219,1.19,3.12,0.067,428,0.47,80,1,13.012814197295436,0.040000000000000036,0.6935746006770117,0.5104895104895105,33.0
13,0,2026-02-03 20:49:57.266913,186,1.38,2.13,0.083,486,0.48,86,1,16.563010998406476,0.18999999999999995,0.8592043560625667,0.38193018480492813,0.0
13,0,2026-02-03 20:54:57.266924,186,1.99,3.31,0.099,539,0.59,93,1,19.052558883257664,0.6100000000000001,1.0248341114481219,0.34444444444444444,14.0
13,0,2026-02-03 20:59:57.266934,172,2.12,2.64,0.136,568,0.64,100,2,8.082903768654765,0.13000000000000012,1.407852920777218,0.3022847100175747,25.0
13,0,2026-02-03 21:04:57.266944,147,2.27,3.36,0.122,574,0.78,106,2,19.7568553503166,0.1499999999999999,1.2629268848148572,0.25565217391304346,13.0
13,0,2026-02-03 21:09:57.266954,134,2.82,3.79,0.168,656,0.91,113,2,19.313207915827977,0.5499999999999998,1.739112431548328,0.2039573820395738,-9.0
13,0,2026-02-03 21:14:57.266964,143,3.03,3.66,0.158,662,0.72,120,2,6.658328118479422,0.20999999999999996,1.635593834432356,0.21568627450980393,0.0
13,1,2026-02-03 20:29:57.266982,246,0.48,1.25,0.026,295,0.34,60,0,0.0,0.0,0.2810780423995416,0.831081081081081,15.0
13,1,2026-02-03 20:34:57.266992,231,1.04,2.05,0.031,309,0.42,66,0,0.0,0.56,0.3351315120917612,0.7451612903225806,-4.0
13,1,2026-02-03 20:39:57.267002,235,1.15,1.75,0.041,355,0.29,73,0,7.767453465154031,0.10999999999999988,0.4432384514762003,0.6601123595505618,12.0
13,1,2026-02-03 20:44:57.267012,223,1.39,3.11,0.059,404,0.47,80,1,6.110100926607789,0.24,0.6378309423681906,0.5506172839506173,33.0
13,1,2026-02-03 20:49:57.267022,190,1.47,2.42,0.098,527,0.47,86,1,23.302360395462088,0.08000000000000007,1.059448005967503,0.35984848484848486,-7.0
13,1,2026-02-03 20:54:57.267032,197,1.79,2.99,0.109,506,0.68,93,1,17.387735140993303,0.32000000000000006,1.178365639290386,0.388560157790927,15.0
13,1,2026-02-03 20:59:57.267042,182,1.95,2.49,0.109,601,0.71,100,2,7.505553499465143,0.15999999999999992,1.178365639290386,0.3023255813953488,32.0
13,1,2026-02-03 21:04:57.267052,150,2.32,2.94,0.123,597,0.69,106,2,24.006943440041123,0.3699999999999999,1.3297153544286007,0.2508361204013378,7.0
13,1,2026-02-03 21:09:57.267062,143,2.68,3.36,0.158,649,0.9,113,2,20.79262689833427,0.3600000000000003,1.7080896422741376,0.22,22.0
13,1,2026-02-03 21:14:57.267072,121,3.2,4.53,0.171,658,0.92,120,2,15.132745950421578,0.52,1.8486286634739086,0.18361153262518967,0.0
13,2,2026-02-03 20:29:57.267089,239,0.2,1.84,0.024,295,0.36,60,0,0.0,0.0,0.2588968835287645,0.8074324324324325,-12.0
13,2,2026-02-03 20:34:57.267099,251,0.73,1.57,0.02,353,0.38,66,0,0.0,0.53,0.2157474029406371,0.7090395480225988,47.0
13,2,2026-02-03 20:39:57.267109,204,0.88,2.82,0.048,301,0.5,73,0,24.41993720985649,0.15000000000000002,0.517793767057529,0.6754966887417219,-3.0
13,2,2026-02-03 20:44:57.267141,207,1.64,3.36,0.074,409,0.31,80,1,26.31222782915452,0.7599999999999999,0.7982653908803572,0.5048780487804878,15.0
13,2,2026-02-03 20:49:57.267152,192,1.81,3.5,0.088,494,0.65,86,1,7.937253933193765,0.17000000000000015,0.9492885729388031,0.3878787878787879,3.0
13,2,2026-02-03 20:54:57.267164,189,1.82,2.4,0.114,572,0.54,93,1,9.64365076099295,0.010000000000000009,1.2297601967616314,0.3298429319371728,3.0
13,2,2026-02-03 20:59:57.267175,186,2.1,3.14,0.109,581,0.73,100,2,2.999999999999981,0.28,1.1758233460264722,0.31958762886597936,14.0
13,2,2026-02-03 21:04:57.267185,172,2.31,3.93,0.127,566,0.76,106,2,9.073771725877464,0.20999999999999996,1.3699960086730456,0.30335097001763667,30.0
13,2,2026-02-03 21:09:57.267195,142,2.83,4.04,0.154,684,0.73,113,2,22.479620400116485,0.52,1.6612550026429056,0.2072992700729927,4.0
13,2,2026-02-03 21:14:57.267205,138,2.79,3.6,0.169,728,0.95,120,2,18.583146486355126,-0.040000000000000036,1.8230655548483836,0.18930041152263374,0.0
13,3,2026-02-03 20:29:57.267226,238,0.53,2.12,0.035,319,0.11,60,0,0.0,0.0,0.34999650003499966,0.74375,-7.0
13,3,2026-02-03 20:34:57.267236,245,0.66,2.51,0.039,333,0.29,66,0,0.0,0.13,0.3899961000389996,0.7335329341317365,18.0
13,3,2026-02-03 20:39:57.267246,227,1.3,2.39,0.065,386,0.52,73,0,9.073771725877462,0.64,0.6499935000649993,0.58656330749354,21.0
13,3,2026-02-03 20:44:57.267257,206,1.35,3.12,0.069,424,0.37,80,1,19.519221295943133,0.050000000000000044,0.6899931000689993,0.48470588235294115,5.0
13,3,2026-02-03 20:49:57.267266,201,1.44,2.74,0.075,493,0.63,86,1,13.79613472438325,0.08999999999999986,0.7499925000749992,0.4068825910931174,37.0
13,3,2026-02-03 20:54:57.267277,164,1.97,3.12,0.112,523,0.71,93,1,22.941955743426355,0.53,1.1199888001119989,0.31297709923664124,1.0
13,3,2026-02-03 20:59:57.267287,163,2.24,3.19,0.145,604,0.58,100,2,21.65640782770772,0.27000000000000024,1.4499855001449984,0.2694214876033058,3.0
13,3,2026-02-03 21:04:57.267297,160,2.74,4.69,0.122,621,0.79,106,2,2.0816659994661912,0.5,1.2199878001219986,0.2572347266881029,12.0
13,3,2026-02-03 21:09:57.267307,148,3.01,3.8,0.164,700,0.81,113,2,7.937253933193788,0.2699999999999996,1.6399836001639982,0.21112696148359486,-7.0
13,3,2026-02-03 21:14:57.267317,155,2.59,3.87,0.174,716,0.85,120,2,6.027713773341729,-0.41999999999999993,1.739982600173998,0.21617852161785217,0.0
13,4,2026-02-03 20:29:57.267335,269,0.35,1.51,0.024,248,0.36,60,0,0.0,0.0,0.24217717278332207,1.0803212851405624,35.0
13,4,2026-02-03 20:34:57.267345,234,0.78,1.77,0.045,282,0.33,66,0,0.0,0.43000000000000005,0.45408219896872887,0.8268551236749117,-5.0
13,4,2026-02-03 20:39:57.267355,239,1.13,2.36,0.077,400,0.42,73,0,18.929694486000912,0.34999999999999987,0.7769850960131583,0.5960099750623441,45.0
13,4,2026-02-03 20:44:57.267365,194,1.18,1.84,0.069,418,0.56,80,1,24.664414311581243,0.050000000000000044,0.696259371752051,0.4630071599045346,-2.0
13,4,2026-02-03 20:49:57.267375,196,1.33,2.98,0.088,457,0.68,86,1,25.423086620891134,0.15000000000000013,0.8879829668721809,0.4279475982532751,15.0
13,4,2026-02-03 20:54:57.267385,181,1.78,2.34,0.088,587,0.49,93,1,8.144527815247095,0.44999999999999996,0.8879829668721809,0.3078231292517007,30.0
13,4,2026-02-03 20:59:57.267395,151,2.32,3.29,0.117,542,0.72,100,2,22.91287847477921,0.5399999999999998,1.1806137173186952,0.27808471454880296,-2.0
13,4,2026-02-03 21:04:57.267405,153,2.5,4.05,0.147,636,0.63,106,2,16.772994167212175,0.18000000000000016,1.4833351832978476,0.2401883830455259,22.0
13,4,2026-02-03 21:09:57.267417,131,2.15,3.79,0.144,620,0.92,113,2,12.165525060596444,-0.3500000000000001,1.4530630366999324,0.2109500805152979,2.0
13,4,2026-02-03 21:14:57.267427,129,3.19,4.06,0.192,727,0.86,120,2,13.316656236958787,1.04,1.9374173822665766,0.1771978021978022,0.0
14,0,2026-02-03 20:29:57.267449,257,1.06,1.71,0.034,251,0.32,60,0,0.0,0.0,0.34412607159846564,1.0198412698412698,26.0
14,0,2026-02-03 20:34:57.267459,231,0.8,1.49,0.044,388,0.41,66,0,0.0,-0.26,0.4453396220686025,0.5938303341902313,-1.0
14,0,2026-02-03 20:39:57.267470,232,1.01,2.48,0.056,413,0.39,73,0,14.730919862656235,0.20999999999999996,0.5667958826327669,0.5603864734299517,30.0
14,0,2026-02-03 20:44:57.267480,202,1.49,2.44,0.081,450,0.43,80,1,17.03917055884274,0.48,0.8198297588081093,0.44789356984478934,21.0
14,0,2026-02-03 20:49:57.267490,181,1.58,3.0,0.086,470,0.45,86,1,25.63201123595259,0.09000000000000008,0.8704365340431777,0.3842887473460722,-1.0
14,0,2026-02-03 20:54:57.267500,182,1.83,3.48,0.1,572,0.44,93,1,11.846237095944566,0.25,1.0121355047013694,0.31762652705061084,-1.0
14,0,2026-02-03 20:59:57.267510,183,2.12,3.95,0.121,540,0.68,100,2,0.9999999999999574,0.29000000000000004,1.224683960688657,0.33826247689463956,19.0
14,0,2026-02-03 21:04:57.267520,164,2.41,4.31,0.138,578,0.91,106,2,10.692676621563628,0.29000000000000004,1.39674699648789,0.28324697754749567,22.0
14,0,2026-02-03 21:09:57.267530,142,2.77,3.77,0.164,678,0.9,113,2,20.518284528683193,0.3599999999999999,1.659902227710246,0.20913107511045656,4.0
14,0,2026-02-03 21:14:57.267540,138,2.97,3.89,0.164,740,0.99,120,2,14.000000000000002,0.20000000000000018,1.659902227710246,0.1862348178137652,0.0
14,1,2026-02-03 20:29:57.267558,249,0.55,2.25,0.031,294,0.23,60,0,0.0,0.0,0.34103035170130136,0.8440677966101695,24.0
14,1,2026-02-03 20:34:57.267568,225,0.66,2.07,0.051,393,0.33,66,0,0.0,0.10999999999999999,0.5610499334440764,0.5710659898477157,5.0
14,1,2026-02-03 20:39:57.267578,220,0.68,1.43,0.042,338,0.45,73,0,15.502687938977983,0.020000000000000018,0.4620411216598277,0.6489675516224189,17.0
14,1,2026-02-03 20:44:57.267588,203,1.67,2.8,0.08,411,0.67,80,1,11.532562594670805,0.9899999999999999,0.8800783269711003,0.49271844660194175,9.0
14,1,2026-02-03 20:49:57.267598,194,1.61,3.15,0.084,480,0.58,86,1,13.203534880225579,-0.05999999999999983,0.9240822433196554,0.40332640332640335,12.0
14,1,2026-02-03 20:54:57.267608,182,1.9,3.76,0.076,540,0.8,93,1,10.535653752852742,0.2899999999999998,0.8360744106225453,0.3364140480591497,9.0
14,1,2026-02-03 20:59:57.267618,173,2.23,3.42,0.096,551,0.62,100,2,10.535653752852742,0.33000000000000007,1.0560939923653205,0.3134057971014493,17.0
14,1,2026-02-03 21:04:57.267628,156,2.0,3.82,0.15,626,0.72,106,2,13.203534880225579,-0.22999999999999998,1.6501468630708132,0.24880382775119617,20.0
14,1,2026-02-03 21:09:57.267638,136,2.74,4.7,0.135,658,0.95,113,2,18.52025917745214,0.7400000000000002,1.485132176763732,0.20637329286798178,7.0
14,1,2026-02-03 21:14:57.267648,129,2.81,3.5,0.164,729,0.83,120,2,14.011899704655812,0.06999999999999984,1.8041605702907557,0.17671232876712328,0.0
14,2,2026-02-03 20:29:57.267665,234,0.47,1.22,0.025,294,0.17,60,0,0.0,0.0,0.2517598010090533,0.7932203389830509,-2.0
14,2,2026-02-03 20:34:57.267675,236,0.76,2.32,0.046,352,0.32,66,0,0.0,0.29000000000000004,0.463238033856658,0.6685552407932012,22.0
14,2,2026-02-03 20:39:57.267687,214,0.94,1.5,0.052,355,0.3,73,0,12.165525060596439,0.17999999999999994,0.5236603860988308,0.601123595505618,-15.0
14,2,2026-02-03 20:44:57.267698,229,1.3,2.6,0.079,361,0.45,80,1,11.239810200058242,0.3600000000000001,0.7955609711886084,0.6325966850828729,22.0
14,2,2026-02-03 20:49:57.267708,207,1.3,3.19,0.087,494,0.39,86,1,11.239810200058242,0.0,0.8761241075115054,0.41818181818181815,28.0
14,2,2026-02-03 20:54:57.267718,179,1.56,2.48,0.109,525,0.57,93,1,25.059928172283335,0.26,1.0976727323994724,0.3403041825095057,5.0
14,2,2026-02-03 20:59:57.267730,174,1.6,2.49,0.114,558,0.68,100,2,17.785762095938797,0.040000000000000036,1.148024692601283,0.3112701252236136,14.0
14,2,2026-02-03 21:04:57.267740,160,2.61,3.12,0.138,612,0.82,106,2,9.848857801796093,1.0099999999999998,1.3897141015699743,0.26101141924959215,-1.0
14,2,2026-02-03 21:09:57.267750,161,2.63,4.23,0.173,723,0.72,113,2,7.81024967590664,0.020000000000000018,1.7421778229826486,0.2223756906077348,35.0
14,2,2026-02-03 21:14:57.267761,126,3.5,4.34,0.17,756,0.94,120,2,19.92485884517127,0.8700000000000001,1.7119666468615624,0.166446499339498,0.0
14,3,2026-02-03 20:29:57.267778,252,0.5,1.92,0.033,281,0.26,60,0,0.0,0.0,0.35369395826411293,0.8936170212765957,27.0
14,3,2026-02-03 20:34:57.267788,225,0.61,2.28,0.018,388,0.36,66,0,0.0,0.10999999999999999,0.19292397723497065,0.5784061696658098,21.0
14,3,2026-02-03 20:39:57.267798,204,1.23,2.94,0.046,367,0.26,73,0,24.06241883103193,0.62,0.4930279418227028,0.5543478260869565,-6.0
14,3,2026-02-03 20:44:57.267808,210,0.75,2.7,0.076,465,0.52,80,1,10.816653826391969,-0.48,0.8145679038809872,0.45064377682403434,12.0
14,3,2026-02-03 20:49:57.267818,198,1.39,3.19,0.103,496,0.49,86,1,6.0,0.6399999999999999,1.1039538697334432,0.3983903420523139,18.0
14,3,2026-02-03 20:54:57.267828,180,1.44,3.24,0.094,545,0.6,93,1,15.0996688705415,0.050000000000000044,1.0074918811159579,0.32967032967032966,11.0
14,3,2026-02-03 20:59:57.267838,169,2.27,3.25,0.14,574,0.79,100,2,14.640127503998503,0.8300000000000001,1.500519822938661,0.29391304347826086,22.0
14,3,2026-02-03 21:04:57.267848,147,2.13,3.1,0.124,550,0.76,106,2,16.802777548171424,-0.14000000000000012,1.3290318431742423,0.26678765880217786,10.0
14,3,2026-02-03 21:09:57.267858,137,2.53,4.49,0.14,591,0.86,113,2,16.370705543744915,0.3999999999999999,1.500519822938661,0.23141891891891891,7.0
14,3,2026-02-03 21:14:57.267868,130,3.16,4.73,0.159,676,0.92,120,2,8.544003745317557,0.6300000000000003,1.7041617989089075,0.19202363367799113,0.0
14,4,2026-02-03 20:29:57.267886,245,0.54,1.93,0.012,320,0.29,60,0,0.0,0.0,0.13288889381069977,0.7632398753894081,-3.0
14,4,2026-02-03 20:34:57.267896,248,0.69,2.62,0.033,380,0.21,66,0,0.0,0.1499999999999999,0.3654444579794244,0.6509186351706037,36.0
14,4,2026-02-03 20:39:57.267906,212,1.08,2.01,0.046,368,0.6,73,0,19.974984355438178,0.3900000000000001,0.5094074262743491,0.5745257452574526,10.0
14,4,2026-02-03 20:44:57.267916,202,1.22,2.31,0.058,414,0.57,80,1,24.193663082165404,0.1399999999999999,0.6422963200850489,0.4867469879518072,8.0
14,4,2026-02-03 20:49:57.267926,194,1.52,2.42,0.102,478,0.58,86,1,9.018499505645773,0.30000000000000004,1.129555597390948,0.40501043841336115,10.0
14,4,2026-02-03 20:54:57.267936,184,2.17,3.14,0.093,526,0.6,93,1,9.018499505645773,0.6499999999999999,1.0298889270329232,0.349146110056926,15.0
14,4,2026-02-03 20:59:57.267948,169,2.15,3.14,0.13,589,0.79,100,2,12.583057392117912,-0.020000000000000018,1.4396296829492474,0.2864406779661017,19.0
14,4,2026-02-03 21:04:57.267958,150,2.35,3.94,0.119,631,0.65,106,2,17.039170558842738,0.20000000000000018,1.3178148636227727,0.23734177215189872,0.0
14,4,2026-02-03 21:09:57.267968,150,2.76,3.49,0.158,702,0.81,113,2,10.969655114602878,0.4099999999999997,1.749703768507547,0.21337126600284495,38.0
14,4,2026-02-03 21:14:57.267978,112,3.17,5.0,0.152,758,1.0,120,2,21.939310229205784,0.41000000000000014,1.683259321602197,0.14756258234519104,0.0
15,0,2026-02-03 20:29:57.267995,243,0.51,1.36,0.001,297,0.3,60,0,0.0,0.0,0.010752572552983302,0.8154362416107382,20.0
15,0,2026-02-03 20:34:57.268006,223,0.55,1.75,0.028,356,0.44,66,0,0.0,0.040000000000000036,0.30107203148353245,0.6246498599439776,-2.0
15,0,2026-02-03 20:39:57.268018,225,0.99,2.7,0.049,397,0.54,73,0,11.015141094572206,0.43999999999999995,0.5268760550961817,0.5653266331658291,11.0
15,0,2026-02-03 20:44:57.268028,214,1.71,2.9,0.08,417,0.5,80,1,5.859465277082322,0.72,0.8602058042386641,0.5119617224880383,25.0
15,0,2026-02-03 20:49:57.268038,189,1.66,2.81,0.091,423,0.61,86,1,18.44812546936229,-0.050000000000000044,0.9784841023214804,0.44575471698113206,14.0
15,0,2026-02-03 20:54:57.268048,175,1.79,2.45,0.108,451,0.84,93,1,19.756855350316595,0.13000000000000012,1.1612778357221964,0.38716814159292035,3.0
15,0,2026-02-03 20:59:57.268058,172,2.01,3.81,0.124,599,0.66,100,2,9.073771725877464,0.21999999999999975,1.3333189965699292,0.2866666666666667,22.0
15,0,2026-02-03 21:04:57.268068,150,2.56,3.98,0.135,626,0.85,106,2,13.650396819628838,0.5500000000000003,1.4515972946527458,0.23923444976076555,4.0
15,0,2026-02-03 21:09:57.268078,146,2.62,3.53,0.139,692,0.87,113,2,13.99999999999999,0.06000000000000005,1.494607584864679,0.2106782106782107,18.0
15,0,2026-02-03 21:14:57.268088,128,3.15,5.11,0.175,714,1.01,120,2,11.718930554164622,0.5299999999999998,1.8817001967720777,0.17902097902097902,0.0
15,1,2026-02-03 20:29:57.268105,241,0.57,2.05,0.015,297,0.41,60,0,0.0,0.0,0.1573960399156357,0.8087248322147651,9.0
15,1,2026-02-03 20:34:57.268137,232,0.7,1.28,0.055,312,0.12,66,0,0.0,0.13,0.5771188130239976,0.7412140575079872,7.0
15,1,2026-02-03 20:39:57.268149,225,1.18,2.15,0.046,390,0.43,73,0,8.02080627701064,0.48,0.48268118907461616,0.5754475703324808,13.0
15,1,2026-02-03 20:44:57.268159,212,0.9,2.42,0.067,470,0.59,80,1,10.148891565092214,-0.2799999999999999,0.7030356449565062,0.45010615711252655,25.0
15,1,2026-02-03 20:49:57.268171,187,1.38,2.07,0.083,481,0.67,86,1,19.313207915827963,0.47999999999999987,0.8709247541998509,0.3879668049792531,2.0
15,1,2026-02-03 20:54:57.268181,185,1.86,3.05,0.113,529,0.58,93,1,15.044378795195671,0.4800000000000002,1.1857168340311224,0.3490566037735849,21.0
15,1,2026-02-03 20:59:57.268192,164,2.31,3.44,0.123,519,0.68,100,2,12.741009902410912,0.44999999999999996,1.2906475273082127,0.3153846153846154,-4.0
15,1,2026-02-03 21:04:57.268201,168,2.56,3.2,0.116,625,0.92,106,2,11.150485789118468,0.25,1.2171960420142496,0.268370607028754,30.0
15,1,2026-02-03 21:09:57.268211,138,2.62,3.4,0.155,636,0.84,113,2,16.28905563049414,0.06000000000000005,1.6264257457949023,0.21664050235478807,14.0
15,1,2026-02-03 21:14:57.268221,124,2.89,3.91,0.18,653,0.97,120,2,22.479620400116477,0.27,1.8887524789876284,0.18960244648318042,0.0
15,2,2026-02-03 20:29:57.268241,261,0.87,2.48,0.009,318,0.21,60,0,0.0,0.0,0.09249647999506685,0.8181818181818182,28.0
15,2,2026-02-03 20:34:57.268251,233,0.85,2.64,0.029,347,0.41,66,0,0.0,-0.020000000000000018,0.29804421331743763,0.6695402298850575,7.0
15,2,2026-02-03 20:39:57.268262,226,1.31,2.74,0.06,418,0.5,73,0,18.520259177452136,0.4600000000000001,0.6166431999671124,0.5393794749403341,12.0
15,2,2026-02-03 20:44:57.268272,214,1.51,2.48,0.056,397,0.53,80,1,9.609023536933053,0.19999999999999996,0.5755336533026382,0.5376884422110553,26.0
15,2,2026-02-03 20:49:57.268282,188,1.72,2.57,0.095,477,0.52,86,1,19.42506971244463,0.20999999999999996,0.9763517332812612,0.39330543933054396,9.0
15,2,2026-02-03 20:54:57.268292,179,1.89,3.76,0.12,534,0.54,93,1,18.17507450695412,0.16999999999999993,1.2332863999342247,0.33457943925233646,15.0
15,2,2026-02-03 20:59:57.268302,164,2.07,3.6,0.135,582,0.65,100,2,12.124355652982146,0.17999999999999994,1.387447199926003,0.28130360205831906,26.0
15,2,2026-02-03 21:04:57.268313,138,2.49,3.43,0.136,582,0.63,106,2,20.74447717666882,0.4200000000000004,1.3977245865921215,0.2367066895368782,11.0
15,2,2026-02-03 21:09:57.268324,127,2.8,4.67,0.158,646,0.86,113,2,19.00000000000001,0.3099999999999996,1.6238270932467294,0.19629057187017002,5.0
15,2,2026-02-03 21:14:57.268334,122,2.99,4.91,0.175,664,1.01,120,2,8.185352771872473,0.1900000000000004,1.7985426665707442,0.18345864661654135,0.0
15,3,2026-02-03 20:29:57.268352,244,0.31,0.95,0.034,289,0.19,60,0,0.0,0.0,0.351599259573324,0.8413793103448276,2.0
15,3,2026-02-03 20:34:57.268362,242,1.05,2.36,0.024,379,0.48,66,0,0.0,0.74,0.2481877126399934,0.6368421052631579,33.0
15,3,2026-02-03 20:39:57.268373,209,1.21,1.77,0.063,385,0.56,73,0,19.655363983740752,0.15999999999999992,0.6514927456799826,0.5414507772020726,-3.0
15,3,2026-02-03 20:44:57.268384,212,1.55,3.52,0.082,455,0.44,80,1,18.248287590894652,0.3400000000000001,0.8479746848533108,0.4649122807017544,14.0
15,3,2026-02-03 20:49:57.268394,198,1.55,3.42,0.102,436,0.39,86,1,7.3711147958319785,0.0,1.0547977787199718,0.45308924485125857,34.0
15,3,2026-02-03 20:54:57.268404,164,2.1,4.0,0.096,533,0.69,93,1,24.68467810876482,0.55,0.9927508505599736,0.30711610486891383,-4.0
15,3,2026-02-03 20:59:57.268414,168,2.16,3.06,0.122,588,0.6,100,2,18.583146486355137,0.06000000000000005,1.2616208725866331,0.28522920203735147,3.0
15,3,2026-02-03 21:04:57.268424,165,2.73,3.45,0.122,594,0.83,106,2,2.0816659994660904,0.5699999999999998,1.2616208725866331,0.2773109243697479,33.0
15,3,2026-02-03 21:09:57.268434,132,3.07,4.46,0.151,668,0.76,113,2,19.974984355438174,0.33999999999999986,1.5615143586932918,0.19730941704035873,11.0
15,3,2026-02-03 21:14:57.268444,121,3.04,4.91,0.171,743,0.9,120,2,22.898325994127458,-0.029999999999999805,1.7683374525599531,0.16263440860215053,0.0
15,4,2026-02-03 20:29:57.268462,244,0.44,1.35,0.016,334,0.27,60,0,0.0,0.0,0.16528754868234832,0.7283582089552239,14.0
15,4,2026-02-03 20:34:57.268472,230,0.78,1.9,0.038,327,0.45,66,0,0.0,0.34,0.39255792812057727,0.7012195121951219,5.0
15,4,2026-02-03 20:39:57.268482,225,0.86,2.75,0.066,388,0.61,73,0,9.848857801796104,0.07999999999999996,0.6818111383146869,0.5784061696658098,20.0
15,4,2026-02-03 20:44:57.268492,205,1.18,2.22,0.075,414,0.52,80,1,13.228756555322953,0.31999999999999995,0.7747853844485078,0.4939759036144578,3.0
15,4,2026-02-03 20:49:57.268502,202,1.18,3.17,0.1,474,0.7,86,1,12.503332889007364,0.0,1.0330471792646772,0.42526315789473684,22.0
15,4,2026-02-03 20:54:57.268512,180,2.07,3.19,0.106,571,0.76,93,1,13.650396819628837,0.8899999999999999,1.0950300100205577,0.3146853146853147,21.0
15,4,2026-02-03 20:59:57.268522,159,2.12,2.76,0.113,546,0.61,100,2,21.50193789716018,0.050000000000000266,1.167343312569085,0.2906764168190128,-9.0
15,4,2026-02-03 21:04:57.268532,168,2.19,4.13,0.137,654,0.72,106,2,10.535653752852737,0.06999999999999984,1.4152746355926076,0.2564885496183206,25.0
15,4,2026-02-03 21:09:57.268542,143,2.66,3.84,0.151,655,1.0,113,2,12.66227994214838,0.4700000000000002,1.5599012406896622,0.21798780487804878,19.0
15,4,2026-02-03 21:14:57.268553,124,3.33,4.18,0.166,710,1.03,120,2,22.068076490713906,0.6699999999999999,1.714858317579364,0.17440225035161744,0.0
16,0,2026-02-03 20:29:57.268570,243,0.35,1.79,0.017,336,0.36,60,0,0.0,0.0,0.1683151651963842,0.7210682492581603,11.0
16,0,2026-02-03 20:34:57.268580,232,0.66,1.89,0.056,360,0.24,66,0,0.0,0.31000000000000005,0.5544499559410303,0.6426592797783933,29.0
16,0,2026-02-03 20:39:57.268592,203,0.49,1.84,0.071,377,0.41,73,0,20.663978319771825,-0.17000000000000004,0.7029633369966632,0.5370370370370371,-33.0
16,0,2026-02-03 20:44:57.268602,236,1.3,2.17,0.056,425,0.56,80,1,18.0092568789868,0.81,0.5544499559410303,0.5539906103286385,39.0
16,0,2026-02-03 20:49:57.268612,197,1.74,3.19,0.076,481,0.49,86,1,21.0,0.43999999999999995,0.7524677973485411,0.4087136929460581,17.0
16,0,2026-02-03 20:54:57.268622,180,1.71,3.38,0.124,505,0.59,93,1,28.711205710198474,-0.030000000000000027,1.227710616726567,0.3557312252964427,3.0
16,0,2026-02-03 20:59:57.268633,177,2.14,3.71,0.126,488,0.58,100,2,10.78579312490897,0.43000000000000016,1.247512400867318,0.3619631901840491,11.0
16,0,2026-02-03 21:04:57.268643,166,2.26,4.21,0.139,625,0.66,106,2,7.371114795832011,0.11999999999999966,1.3762239977822002,0.26517571884984026,15.0
16,0,2026-02-03 21:09:57.268654,151,2.53,4.2,0.164,702,0.72,113,2,13.05118130030127,0.27,1.6237462995415886,0.2147937411095306,29.0
16,0,2026-02-03 21:14:57.268664,122,3.18,4.0,0.181,676,0.8,120,2,22.368132093076827,0.6500000000000004,1.7920614647379727,0.18020679468242246,0.0
16,1,2026-02-03 20:29:57.268681,235,0.4,0.93,0.007,262,0.27,60,0,0.0,0.0,0.07399498948214078,0.8935361216730038,-4.0
16,1,2026-02-03 20:34:57.268691,239,0.86,2.28,0.032,348,0.32,66,0,0.0,0.45999999999999996,0.33826280906121503,0.6848137535816619,26.0
16,1,2026-02-03 20:39:57.268701,213,0.77,2.42,0.049,426,0.42,73,0,14.0,-0.08999999999999997,0.5179649263749856,0.49882903981264637,-2.0
16,1,2026-02-03 20:44:57.268711,215,1.31,3.16,0.086,415,0.56,80,1,14.468356276140472,0.54,0.9090812993520153,0.5168269230769231,15.0
16,1,2026-02-03 20:49:57.268721,200,1.68,2.61,0.088,442,0.75,86,1,8.144527815247091,0.3699999999999999,0.9302227249183412,0.45146726862302483,7.0
16,1,2026-02-03 20:54:57.268731,193,1.9,3.8,0.101,552,0.69,93,1,11.239810200058251,0.21999999999999997,1.0676419910994601,0.34900542495479203,23.0
16,1,2026-02-03 20:59:57.268741,170,2.11,3.3,0.112,566,0.7,100,2,15.69500982265807,0.20999999999999996,1.1839198317142525,0.2998236331569665,-6.0
16,1,2026-02-03 21:04:57.268751,176,2.43,3.15,0.153,579,0.81,106,2,11.930353445448846,0.3200000000000003,1.6173190558239343,0.30344827586206896,30.0
16,1,2026-02-03 21:09:57.268761,146,2.91,3.65,0.154,672,0.85,113,2,15.874507866387535,0.48,1.6278897686070972,0.21693907875185736,23.0
16,1,2026-02-03 21:14:57.268771,123,3.15,4.88,0.164,700,0.94,120,2,26.576932353703526,0.23999999999999977,1.7335968964387272,0.1754636233951498,0.0
16,2,2026-02-03 20:29:57.268787,266,0.44,1.14,0.04,360,0.28,60,0,0.0,0.0,0.4024104385267754,0.7368421052631579,38.0
16,2,2026-02-03 20:34:57.268798,228,0.89,1.58,0.033,328,0.4,66,0,0.0,0.45,0.3319886117845897,0.6930091185410334,20.0
16,2,2026-02-03 20:39:57.268808,208,1.31,2.99,0.06,350,0.51,73,0,29.46183972531247,0.42000000000000004,0.603615657790163,0.5925925925925926,8.0
16,2,2026-02-03 20:44:57.268818,200,1.39,2.08,0.08,397,0.47,80,1,14.422205101855956,0.07999999999999985,0.8048208770535508,0.5025125628140703,-6.0
16,2,2026-02-03 20:49:57.268828,206,1.77,2.43,0.1,478,0.57,86,1,4.163331998932267,0.3800000000000001,1.0060260963169385,0.430062630480167,16.0
16,2,2026-02-03 20:54:57.268839,190,1.9,2.99,0.11,521,0.75,93,1,8.082903768654756,0.1299999999999999,1.1066287059486324,0.36398467432950193,31.0
16,2,2026-02-03 20:59:57.268850,159,1.53,3.3,0.117,601,0.69,100,2,23.89560629069704,-0.3699999999999999,1.177050532690818,0.26411960132890366,24.0
16,2,2026-02-03 21:04:57.268860,135,2.14,3.83,0.141,548,0.75,106,2,27.57414247684474,0.6100000000000001,1.418496795806883,0.2459016393442623,-5.0
16,2,2026-02-03 21:09:57.268872,140,2.64,4.56,0.144,639,0.64,113,2,12.662279942148395,0.5,1.4486775786963912,0.21875,14.0
16,2,2026-02-03 21:14:57.268882,126,2.99,4.31,0.169,638,0.97,120,2,7.094598884597592,0.3500000000000001,1.7001841027756261,0.19718309859154928,0.0
16,3,2026-02-03 20:29:57.268899,255,0.49,1.56,0.011,275,0.46,60,0,0.0,0.0,0.11627784061479265,0.9239130434782609,21.0
16,3,2026-02-03 20:34:57.268909,234,0.91,1.44,0.027,387,0.32,66,0,0.0,0.42000000000000004,0.28540924514540017,0.6030927835051546,4.0
16,3,2026-02-03 20:39:57.268919,230,0.67,1.48,0.05,401,0.4,73,0,13.428824718989121,-0.24,0.5285356391581485,0.572139303482587,12.0
16,3,2026-02-03 20:44:57.268929,218,1.15,3.01,0.082,428,0.48,80,1,8.326663997864525,0.47999999999999987,0.8667984482193636,0.5081585081585082,30.0
16,3,2026-02-03 20:49:57.268940,188,1.61,2.4,0.093,471,0.4,86,1,21.633307652783934,0.4600000000000002,0.9830762888341562,0.3983050847457627,2.0
16,3,2026-02-03 20:54:57.268950,186,2.09,4.07,0.116,548,0.51,93,1,17.925772879665004,0.47999999999999976,1.2262026828469046,0.33879781420765026,11.0
16,3,2026-02-03 20:59:57.268959,175,2.29,3.55,0.112,552,0.62,100,2,7.000000000000012,0.20000000000000018,1.1839198317142525,0.31645569620253167,33.0
16,3,2026-02-03 21:04:57.268969,142,2.49,3.11,0.153,631,0.75,106,2,22.898325994127458,0.20000000000000018,1.6173190558239343,0.22468354430379747,-12.0
16,3,2026-02-03 21:09:57.268979,154,2.83,4.03,0.145,646,0.86,113,2,16.70329308849006,0.33999999999999986,1.5327533535586304,0.23802163833075735,21.0
16,3,2026-02-03 21:14:57.268989,133,3.01,4.24,0.157,715,0.91,120,2,10.535653752852728,0.17999999999999972,1.6596019069565862,0.1857541899441341,0.0
16,4,2026-02-03 20:29:57.269006,261,0.97,1.55,0.013,312,0.27,60,0,0.0,0.0,0.13771040561011005,0.8338658146964856,22.0
16,4,2026-02-03 20:34:57.269016,239,0.57,1.63,0.028,342,0.2,66,0,0.0,-0.4,0.2966070274679294,0.6967930029154519,14.0
16,4,2026-02-03 20:39:57.269026,225,1.05,1.63,0.048,393,0.44,73,0,18.147543451754927,0.4800000000000001,0.5084691899450218,0.5710659898477157,3.0
16,4,2026-02-03 20:44:57.269036,222,1.85,2.61,0.081,415,0.4,80,1,9.073771725877448,0.8,0.8580417580322243,0.5336538461538461,39.0
16,4,2026-02-03 20:49:57.269046,183,1.7,2.37,0.093,496,0.49,86,1,23.430749027719955,-0.15000000000000013,0.9851590555184797,0.3682092555331992,4.0
16,4,2026-02-03 20:54:57.269056,179,1.98,3.44,0.095,496,0.68,93,1,23.7557010701291,0.28,1.006345271766189,0.36016096579476864,3.0
16,4,2026-02-03 20:59:57.269066,176,2.07,2.88,0.122,553,0.77,100,2,3.5118845842841524,0.08999999999999986,1.2923591911102636,0.3176895306859206,22.0
16,4,2026-02-03 21:04:57.269076,154,2.31,4.23,0.139,586,0.64,106,2,13.65039681962882,0.2400000000000002,1.4724420292157923,0.262350936967632,17.0
16,4,2026-02-03 21:09:57.269086,137,2.7,3.94,0.151,626,0.95,113,2,19.55334583474993,0.3900000000000001,1.5995593267020476,0.21850079744816586,14.0
16,4,2026-02-03 21:14:57.269096,123,2.91,3.96,0.174,669,0.86,120,2,15.524174696259989,0.20999999999999996,1.8432008135507039,0.18358208955223881,0.0
17,0,2026-02-03 20:29:57.269113,256,0.69,1.48,0.012,291,0.21,60,0,0.0,0.0,0.12358266135261224,0.8767123287671232,17.0
17,0,2026-02-03 20:34:57.269123,239,1.04,2.91,0.018,306,0.39,66,0,0.0,0.3500000000000001,0.18537399202891836,0.7785016286644951,6.0
17,0,2026-02-03 20:39:57.269140,233,0.98,2.45,0.062,399,0.44,73,0,11.930353445448851,-0.06000000000000005,0.6385104169884965,0.5825,32.0
17,0,2026-02-03 20:44:57.269152,201,1.51,2.92,0.078,446,0.45,80,1,20.428737928059416,0.53,0.8032872987919796,0.44966442953020136,9.0
17,0,2026-02-03 20:49:57.269163,192,1.66,2.86,0.082,447,0.56,86,1,21.548395145191982,0.1499999999999999,0.8444815192428503,0.42857142857142855,12.0
17,0,2026-02-03 20:54:57.269173,180,2.32,3.82,0.112,508,0.69,93,1,10.535653752852731,0.6599999999999999,1.153438172624381,0.35363457760314343,10.0
17,0,2026-02-03 20:59:57.269183,170,2.41,4.38,0.117,548,0.56,100,2,11.015141094572193,0.0900000000000003,1.2049309481879693,0.30965391621129323,1.0
17,0,2026-02-03 21:04:57.269193,169,2.89,4.37,0.149,588,0.63,106,2,6.082762530298193,0.48,1.5344847117949352,0.2869269949066214,30.0
17,0,2026-02-03 21:09:57.269203,139,2.81,4.55,0.169,666,0.74,113,2,17.616280348965077,-0.08000000000000007,1.7404558140492892,0.20839580209895053,3.0
17,0,2026-02-03 21:14:57.269213,136,3.21,4.36,0.172,698,0.95,120,2,18.248287590894655,0.3999999999999999,1.7713514793874419,0.19456366237482117,0.0
17,1,2026-02-03 20:29:57.269233,246,0.29,2.22,0.028,288,0.27,60,0,0.0,0.0,0.2862956411488635,0.8512110726643599,2.0
17,1,2026-02-03 20:34:57.269245,244,0.82,1.79,0.033,335,0.51,66,0,0.0,0.53,0.3374198627825892,0.7261904761904762,6.0
17,1,2026-02-03 20:39:57.269255,238,1.04,2.11,0.033,360,0.48,73,0,4.163331998932262,0.22000000000000008,0.3374198627825892,0.6592797783933518,51.0
17,1,2026-02-03 20:44:57.269265,187,1.23,2.52,0.081,397,0.59,80,1,31.32091952673165,0.18999999999999995,0.8282123904663552,0.46984924623115576,-12.0
17,1,2026-02-03 20:49:57.269275,199,1.58,3.17,0.105,506,0.58,86,1,26.664583251946766,0.3500000000000001,1.0736086543082382,0.39250493096646943,20.0
17,1,2026-02-03 20:54:57.269285,179,2.49,3.53,0.11,518,0.69,93,1,10.066445913694336,0.9100000000000001,1.1247328759419637,0.3448940269749518,16.0
17,1,2026-02-03 20:59:57.269295,163,2.16,2.72,0.123,620,0.54,100,2,18.03699901129158,-0.33000000000000007,1.2576558521896504,0.26247987117552335,6.0
17,1,2026-02-03 21:04:57.269306,157,2.3,3.08,0.142,557,0.73,106,2,11.37248140615467,0.13999999999999968,1.4519278943978078,0.28136200716845877,7.0
17,1,2026-02-03 21:09:57.269318,150,2.47,3.95,0.15,692,0.82,113,2,6.506407098647742,0.17000000000000037,1.5337266490117687,0.21645021645021645,24.0
17,1,2026-02-03 21:14:57.269328,126,3.01,4.57,0.173,700,0.88,120,2,16.25833119767628,0.5399999999999996,1.7688980685269065,0.1797432239657632,0.0
17,2,2026-02-03 20:29:57.269347,250,0.4,2.28,0.02,314,0.37,60,0,0.0,0.0,0.20768216321741206,0.7936507936507936,14.0
17,2,2026-02-03 20:34:57.269357,236,0.68,1.88,0.039,338,0.21,66,0,0.0,0.28,0.4049802182739535,0.696165191740413,-10.0
17,2,2026-02-03 20:39:57.269368,246,0.81,1.85,0.053,351,0.48,73,0,7.211102550927978,0.13,0.550357732526142,0.6988636363636364,27.0
17,2,2026-02-03 20:44:57.269378,219,1.44,3.31,0.068,455,0.55,80,1,13.650396819628844,0.6299999999999999,0.706119354939201,0.48026315789473684,16.0
17,2,2026-02-03 20:49:57.269388,203,2.09,2.63,0.084,429,0.66,86,1,21.733231083604046,0.6499999999999999,0.8722650855131306,0.4720930232558139,0.0
17,2,2026-02-03 20:54:57.269398,203,1.71,3.06,0.113,517,0.55,93,1,9.237604307033992,-0.3799999999999999,1.173404222178378,0.3918918918918919,25.0
17,2,2026-02-03 20:59:57.269407,178,2.38,4.37,0.12,512,0.63,100,2,14.43375672974064,0.6699999999999999,1.2460929793044722,0.3469785575048733,41.0
17,2,2026-02-03 21:04:57.269418,137,2.53,4.35,0.145,621,0.74,106,2,33.3216646242851,0.1499999999999999,1.5056956833262372,0.2202572347266881,6.0
17,2,2026-02-03 21:09:57.269429,131,2.5,3.77,0.163,643,0.71,113,2,25.579940057266207,-0.029999999999999805,1.6926096302219082,0.20341614906832298,6.0
17,2,2026-02-03 21:14:57.269439,125,2.62,4.49,0.158,700,1.06,120,2,5.999999999999905,0.1200000000000001,1.6406890894175552,0.1783166904422254,0.0
17,3,2026-02-03 20:29:57.269456,249,0.56,1.15,0.016,251,0.22,60,0,0.0,0.0,0.17391115313963978,0.9880952380952381,4.0
17,3,2026-02-03 20:34:57.269466,245,1.1,3.01,0.043,345,0.47,66,0,0.0,0.54,0.4673862240627819,0.708092485549133,19.0
17,3,2026-02-03 20:39:57.269477,226,1.35,2.68,0.036,395,0.44,73,0,12.288205727444508,0.25,0.3913000945641895,0.5707070707070707,21.0
17,3,2026-02-03 20:44:57.269487,205,1.43,2.66,0.07,435,0.43,80,1,20.00833159794523,0.07999999999999985,0.7608612949859241,0.4701834862385321,27.0
17,3,2026-02-03 20:49:57.269497,178,1.47,3.33,0.091,441,0.52,86,1,24.062418831031934,0.040000000000000036,0.9891196834817013,0.40271493212669685,-4.0
17,3,2026-02-03 20:54:57.269507,182,1.63,3.16,0.095,499,0.64,93,1,14.571661996262938,0.15999999999999992,1.0325974717666113,0.364,2.0
17,3,2026-02-03 20:59:57.269517,180,2.27,3.74,0.12,590,0.71,100,2,2.0000000000000995,0.6400000000000001,1.3043336485472983,0.30456852791878175,34.0
17,3,2026-02-03 21:04:57.269527,146,2.49,3.71,0.127,609,0.63,106,2,20.231987873991372,0.2200000000000002,1.3804197780458909,0.23934426229508196,5.0
17,3,2026-02-03 21:09:57.269537,141,2.83,3.97,0.161,702,0.76,113,2,21.22105872319602,0.33999999999999986,1.7499809784676255,0.20056899004267426,28.0
17,3,2026-02-03 21:14:57.269547,113,2.93,3.47,0.161,720,0.83,120,2,17.785762095938814,0.10000000000000009,1.7499809784676255,0.15672676837725383,0.0
17,4,2026-02-03 20:29:57.269565,247,0.5,1.13,0.026,320,0.27,60,0,0.0,0.0,0.2677624329306598,0.7694704049844237,9.0
17,4,2026-02-03 20:34:57.269575,238,0.88,2.58,0.041,296,0.37,66,0,0.0,0.38,0.42224075962142515,0.8013468013468014,10.0
17,4,2026-02-03 20:39:57.269588,228,1.2,3.17,0.049,372,0.5,73,0,9.504384952922164,0.31999999999999995,0.5046292005231666,0.6112600536193029,25.0
17,4,2026-02-03 20:44:57.269598,203,1.25,3.01,0.081,460,0.51,80,1,18.027756377319943,0.050000000000000044,0.8341829641301326,0.4403470715835141,8.0
17,4,2026-02-03 20:49:57.269608,195,1.57,3.07,0.086,507,0.44,86,1,17.214335111567138,0.32000000000000006,0.8856757396937209,0.3838582677165354,8.0
17,4,2026-02-03 20:54:57.269618,187,1.88,2.51,0.086,526,0.93,93,1,7.999999999999979,0.30999999999999983,0.8856757396937209,0.3548387096774194,19.0
17,4,2026-02-03 20:59:57.269629,168,1.94,2.94,0.146,586,0.61,100,2,13.868429375143139,0.06000000000000005,1.503589046456782,0.28620102214650767,-2.0
17,4,2026-02-03 21:04:57.269639,170,2.25,3.62,0.131,598,0.67,106,2,10.440306508910542,0.31000000000000005,1.349110719766017,0.2838063439065108,22.0
17,4,2026-02-03 21:09:57.269650,148,3.08,4.16,0.169,595,0.88,113,2,12.165525060596432,0.8300000000000001,1.7404558140492892,0.2483221476510067,16.0
17,4,2026-02-03 21:14:57.269660,132,2.84,4.19,0.156,688,0.92,120,2,19.07878402833891,-0.2400000000000002,1.6065745975839592,0.19158200290275762,0.0
18,0,2026-02-03 20:29:57.269678,240,0.85,2.06,0.018,343,0.21,60,0,0.0,0.0,0.19823570224997522,0.6976744186046512,19.0
18,0,2026-02-03 20:34:57.269687,221,0.86,1.77,0.043,334,0.32,66,0,0.0,0.010000000000000009,0.4735630664860519,0.6597014925373135,-3.0
18,0,2026-02-03 20:39:57.269698,224,1.21,2.51,0.036,425,0.44,73,0,10.21436896402971,0.35,0.39647140449995044,0.5258215962441315,1.0
18,0,2026-02-03 20:44:57.269708,223,1.48,2.44,0.071,444,0.55,80,1,1.5275252316519847,0.27,0.7819297144304578,0.501123595505618,24.0
18,0,2026-02-03 20:49:57.269719,199,1.51,2.31,0.087,407,0.51,86,1,14.153915830374773,0.030000000000000027,0.9581392275415469,0.4877450980392157,13.0
18,0,2026-02-03 20:54:57.269729,186,1.81,3.12,0.078,509,0.67,93,1,18.770544300401454,0.30000000000000004,0.8590213764165594,0.36470588235294116,10.0
18,0,2026-02-03 20:59:57.269739,176,2.36,3.69,0.113,616,0.74,100,2,11.532562594670798,0.5499999999999998,1.2444796863470668,0.2852512155591572,29.0
18,0,2026-02-03 21:04:57.269749,147,2.89,3.9,0.141,616,0.85,106,2,20.25668613898466,0.5300000000000002,1.5528463342914725,0.23824959481361427,5.0
18,0,2026-02-03 21:09:57.269759,142,2.55,4.18,0.153,699,0.8,113,2,18.357559750685812,-0.3400000000000003,1.6850034691247895,0.20285714285714285,7.0
18,0,2026-02-03 21:14:57.269769,135,3.18,5.02,0.168,724,0.94,120,2,6.027713773341693,0.6300000000000003,1.8501998876664356,0.18620689655172415,0.0
18,1,2026-02-03 20:29:57.269788,240,0.39,1.25,0.005,284,0.22,60,0,0.0,0.0,0.05458455693715135,0.8421052631578947,8.0
18,1,2026-02-03 20:34:57.269798,232,0.9,2.06,0.019,382,0.29,66,0,0.0,0.51,0.2074213163611751,0.6057441253263708,6.0
18,1,2026-02-03 20:39:57.269808,226,1.14,2.14,0.047,402,0.4,73,0,7.0237691685684895,0.23999999999999988,0.5130948352092227,0.5607940446650124,25.0
18,1,2026-02-03 20:44:57.269818,201,1.21,1.8,0.077,393,0.57,80,1,16.441816606851358,0.07000000000000006,0.8406021768321308,0.5101522842639594,-8.0
18,1,2026-02-03 20:49:57.269828,209,2.13,3.61,0.092,466,0.68,86,1,12.767145334803692,0.9199999999999999,1.0043558476435848,0.4475374732334047,37.0
18,1,2026-02-03 20:54:57.269838,172,2.01,2.62,0.083,502,0.7,93,1,19.467922333931778,-0.1200000000000001,0.9061036451567124,0.341948310139165,-8.0
18,1,2026-02-03 20:59:57.269848,180,2.29,3.63,0.128,603,0.81,100,2,19.467922333931778,0.28000000000000025,1.3973646575910745,0.2980132450331126,29.0
18,1,2026-02-03 21:04:57.269858,151,2.56,4.18,0.119,566,0.67,106,2,14.977761292440631,0.27,1.299112455104202,0.26631393298059963,-5.0
18,1,2026-02-03 21:09:57.269868,156,2.69,4.58,0.173,672,0.91,113,2,15.502687938977965,0.1299999999999999,1.8886256700254365,0.23179791976225855,36.0
18,1,2026-02-03 21:14:57.269878,120,3.06,4.18,0.173,696,0.81,120,2,19.502136635080095,0.3700000000000001,1.8886256700254365,0.17216642754662842,0.0
18,2,2026-02-03 20:29:57.269896,242,0.3,1.96,0.039,256,0.27,60,0,0.0,0.0,0.4088007463234138,0.9416342412451362,12.0
18,2,2026-02-03 20:34:57.269906,230,0.74,1.58,0.05,338,0.42,66,0,0.0,0.44,0.5241035209274536,0.6784660766961652,5.0
18,2,2026-02-03 20:39:57.269916,225,0.82,2.74,0.055,359,0.43,73,0,8.736894948054108,0.07999999999999996,0.576513873020199,0.625,4.0
18,2,2026-02-03 20:44:57.269926,221,1.01,2.35,0.063,417,0.47,80,1,4.509249752822912,0.19000000000000006,0.6603704363685915,0.5287081339712919,22.0
18,2,2026-02-03 20:49:57.269936,199,1.85,3.85,0.077,448,0.54,86,1,14.000000000000007,0.8400000000000001,0.8071194222282785,0.44320712694877507,19.0
18,2,2026-02-03 20:54:57.269946,180,2.07,3.93,0.097,511,0.71,93,1,20.518284528683196,0.21999999999999975,1.01676083059926,0.3515625,21.0
18,2,2026-02-03 20:59:57.269956,159,2.25,3.39,0.13,539,0.73,100,2,20.008331597945237,0.18000000000000016,1.3626691544113794,0.29444444444444445,3.0
18,2,2026-02-03 21:04:57.269966,156,2.41,3.63,0.132,551,0.77,106,2,13.07669683062204,0.16000000000000014,1.3836332952484776,0.2826086956521739,7.0
18,2,2026-02-03 21:09:57.269976,149,2.8,4.71,0.157,666,0.96,113,2,5.13160143944693,0.3899999999999997,1.6456850557122042,0.22338830584707647,18.0
18,2,2026-02-03 21:14:57.269986,131,2.83,3.81,0.154,645,0.87,120,2,12.897028081435424,0.03000000000000025,1.614238844456557,0.20278637770897834,0.0
18,3,2026-02-03 20:29:57.270005,249,0.52,1.17,0.013,301,0.28,60,0,0.0,0.0,0.13626691544113792,0.8245033112582781,16.0
18,3,2026-02-03 20:34:57.270015,233,0.29,1.99,0.024,329,0.53,66,0,0.0,-0.23000000000000004,0.2515696900451777,0.706060606060606,23.0
18,3,2026-02-03 20:39:57.270024,210,0.83,2.49,0.052,432,0.4,73,0,19.60442127004348,0.54,0.5450676617645517,0.48498845265588914,6.0
18,3,2026-02-03 20:44:57.270035,204,1.3,2.58,0.089,451,0.44,80,1,15.307950004273367,0.4700000000000001,0.9329042672508674,0.45132743362831856,14.0
18,3,2026-02-03 20:49:57.270045,190,1.49,3.0,0.094,473,0.57,86,1,10.26320287889375,0.18999999999999995,0.9853146193436128,0.4008438818565401,16.0
18,3,2026-02-03 20:54:57.270055,174,1.81,3.24,0.093,482,0.42,93,1,15.011106998930263,0.32000000000000006,0.9748325489250637,0.36024844720496896,11.0
18,3,2026-02-03 20:59:57.270065,163,2.2,3.04,0.131,522,0.75,100,2,13.576941236277527,0.3900000000000001,1.3731512248299285,0.31166347992351817,9.0
18,3,2026-02-03 21:04:57.270075,154,2.32,4.18,0.139,554,0.8,106,2,10.016652800877795,0.11999999999999966,1.4570077881783212,0.2774774774774775,23.0
18,3,2026-02-03 21:09:57.270085,131,2.64,4.01,0.153,673,0.85,113,2,16.50252505931541,0.3200000000000003,1.6037567740380079,0.1943620178041543,9.0
18,3,2026-02-03 21:14:57.270095,122,3.18,4.33,0.166,684,0.85,120,2,16.50252505931541,0.54,1.740023689479146,0.1781021897810219,0.0
18,4,2026-02-03 20:29:57.270112,242,0.68,2.33,0.014,268,0.37,60,0,0.0,0.0,0.15005198229386607,0.8996282527881041,6.0
18,4,2026-02-03 20:34:57.270122,236,0.58,1.84,0.033,372,0.36,66,0,0.0,-0.10000000000000009,0.35369395826411293,0.6327077747989276,15.0
18,4,2026-02-03 20:39:57.270142,221,1.19,2.43,0.039,376,0.3,73,0,10.816653826391969,0.61,0.4180019506757698,0.5862068965517241,4.0
18,4,2026-02-03 20:44:57.270152,217,1.42,2.64,0.074,443,0.49,80,1,10.01665280087781,0.22999999999999998,0.793131906410435,0.48873873873873874,27.0
18,4,2026-02-03 20:49:57.270163,190,1.48,2.42,0.083,443,0.59,86,1,16.862186493255653,0.06000000000000005,0.8895938950279203,0.42792792792792794,0.0
18,4,2026-02-03 20:54:57.270173,190,2.02,2.59,0.102,531,0.49,93,1,15.5884572681199,0.54,1.093235870998167,0.35714285714285715,25.0
18,4,2026-02-03 20:59:57.270183,165,2.19,3.29,0.133,596,0.56,100,2,14.43375672974064,0.16999999999999993,1.4254938317917278,0.27638190954773867,-2.0
18,4,2026-02-03 21:04:57.270193,167,2.41,3.1,0.128,610,0.83,106,2,13.892443989449797,0.2200000000000002,1.371903838115347,0.2733224222585925,13.0
18,4,2026-02-03 21:09:57.270203,154,2.57,3.82,0.163,638,0.87,113,2,6.999999999999986,0.1599999999999997,1.7470337938500122,0.24100156494522693,16.0
18,4,2026-02-03 21:14:57.270213,138,3.02,4.66,0.164,688,0.85,120,2,14.525839046333942,0.4500000000000002,1.7577517925852884,0.20029027576197386,0.0
19,0,2026-02-03 20:29:57.270233,248,0.83,2.0,0.026,236,0.42,60,0,0.0,0.0,0.2713959144476571,1.0464135021097047,1.0
19,0,2026-02-03 20:34:57.270243,247,0.79,1.89,0.043,348,0.41,66,0,0.0,-0.039999999999999925,0.4488470892788175,0.7077363896848138,31.0
19,0,2026-02-03 20:39:57.270255,216,0.98,2.74,0.067,352,0.29,73,0,18.193405398660254,0.18999999999999995,0.6993663949228088,0.6118980169971672,8.0
19,0,2026-02-03 20:44:57.270265,208,1.21,2.33,0.071,367,0.66,80,1,20.599352740640498,0.22999999999999998,0.7411196125301406,0.5652173913043478,5.0
19,0,2026-02-03 20:49:57.270275,203,1.72,3.38,0.094,479,0.6,86,1,6.5574385243019835,0.51,0.9812006137722988,0.42291666666666666,17.0
19,0,2026-02-03 20:54:57.270286,186,1.76,2.97,0.086,515,0.62,93,1,11.532562594670786,0.040000000000000036,0.897694178557635,0.36046511627906974,15.0
19,0,2026-02-03 20:59:57.270298,171,2.31,3.81,0.117,586,0.66,100,2,16.010413278030427,0.55,1.2212816150144572,0.29131175468483816,14.0
19,0,2026-02-03 21:04:57.270308,157,2.53,4.18,0.132,573,0.62,106,2,14.50287327853805,0.21999999999999975,1.3778561810419516,0.2735191637630662,22.0
19,0,2026-02-03 21:09:57.270318,135,2.59,3.47,0.147,681,0.84,113,2,18.14754345175493,0.06000000000000005,1.534430747069446,0.19794721407624633,19.0
19,0,2026-02-03 21:14:57.270328,116,2.92,3.54,0.175,738,0.83,120,2,20.518284528683193,0.33000000000000007,1.826703270320769,0.15696887686062247,0.0
19,1,2026-02-03 20:29:57.270347,263,0.54,2.48,0.025,339,0.24,60,0,0.0,0.0,0.263988764638177,0.7735294117647059,27.0
19,1,2026-02-03 20:34:57.270357,236,0.77,1.5,0.038,307,0.46,66,0,0.0,0.22999999999999998,0.401262922250029,0.7662337662337663,-4.0
19,1,2026-02-03 20:39:57.270367,240,1.39,2.56,0.048,410,0.6,73,0,14.57166199626293,0.6199999999999999,0.5068584281052998,0.583941605839416,54.0
19,1,2026-02-03 20:44:57.270377,186,1.56,2.65,0.076,404,0.54,80,1,30.088757590391353,0.17000000000000015,0.802525844500058,0.45925925925925926,-8.0
19,1,2026-02-03 20:49:57.270388,194,1.74,3.33,0.097,476,0.64,86,1,29.143323992525854,0.17999999999999994,1.0242764067961267,0.40670859538784065,11.0
19,1,2026-02-03 20:54:57.270398,183,1.52,2.2,0.072,503,0.71,93,1,5.686240703077274,-0.21999999999999997,0.7602876421579496,0.3630952380952381,13.0
19,1,2026-02-03 20:59:57.270408,170,2.3,3.82,0.116,576,0.66,100,2,12.013880860626712,0.7799999999999998,1.2249078679211411,0.29462738301559793,13.0
19,1,2026-02-03 21:04:57.270418,157,2.2,2.97,0.137,581,0.57,106,2,12.999999999999984,-0.09999999999999964,1.4466584302172099,0.2697594501718213,21.0
19,1,2026-02-03 21:09:57.270428,136,2.76,4.02,0.156,617,0.92,113,2,17.156145643277018,0.5599999999999996,1.6472898913422243,0.22006472491909385,-14.0
19,1,2026-02-03 21:14:57.270438,150,2.83,4.48,0.182,680,0.63,120,2,10.692676621563617,0.07000000000000028,1.9218382065659283,0.22026431718061673,0.0
19,2,2026-02-03 20:29:57.270455,261,0.81,1.77,0.022,315,0.27,60,0,0.0,0.0,0.22425867218478915,0.8259493670886076,34.0
19,2,2026-02-03 20:34:57.270466,227,1.01,1.58,0.04,356,0.34,66,0,0.0,0.19999999999999996,0.4077430403359803,0.6358543417366946,3.0
19,2,2026-02-03 20:39:57.270476,224,1.15,2.04,0.058,379,0.6,73,0,20.550750189064473,0.1399999999999999,0.5912274084871715,0.5894736842105263,21.0
19,2,2026-02-03 20:44:57.270489,203,1.3,2.09,0.078,460,0.5,80,1,13.076696830622032,0.15000000000000013,0.7950989286551615,0.4403470715835141,0.0
19,2,2026-02-03 20:49:57.270499,203,1.96,3.82,0.088,446,0.54,86,1,12.124355652982153,0.6599999999999999,0.8970346887391566,0.4541387024608501,10.0
19,2,2026-02-03 20:54:57.270509,193,1.73,2.65,0.103,533,0.62,93,1,5.773502691896254,-0.22999999999999998,1.0499383288651492,0.36142322097378277,27.0
19,2,2026-02-03 20:59:57.270520,166,1.81,3.32,0.119,529,0.76,100,2,19.139836293274126,0.08000000000000007,1.2130355449995414,0.3132075471698113,6.0
19,2,2026-02-03 21:04:57.270530,160,2.74,3.43,0.148,588,0.85,106,2,17.57839583124695,0.9300000000000002,1.508649249243127,0.27164685908319186,16.0
19,2,2026-02-03 21:09:57.270540,144,2.78,4.41,0.15,611,0.97,113,2,11.37248140615466,0.03999999999999959,1.529036401259926,0.23529411764705882,9.0
19,2,2026-02-03 21:14:57.270550,135,2.94,4.67,0.175,615,1.04,120,2,12.662279942148391,0.16000000000000014,1.7838758014699136,0.21915584415584416,0.0
19,3,2026-02-03 20:29:57.270568,257,0.15,1.74,0.038,263,0.41,60,0,0.0,0.0,0.38656778669596437,0.9734848484848485,11.0
19,3,2026-02-03 20:34:57.270579,246,0.44,1.3,0.034,374,0.36,66,0,0.0,0.29000000000000004,0.34587644072796814,0.656,9.0
19,3,2026-02-03 20:39:57.270589,237,0.92,1.57,0.056,388,0.36,73,0,10.016652800877809,0.48000000000000004,0.5696788435519475,0.609254498714653,21.0
19,3,2026-02-03 20:44:57.270599,216,1.02,2.13,0.07,454,0.57,80,1,15.394804318340649,0.09999999999999998,0.7120985544399344,0.4747252747252747,37.0
19,3,2026-02-03 20:49:57.270609,179,1.88,3.13,0.098,539,0.7,86,1,29.365512652316035,0.8599999999999999,0.9969379762159082,0.3314814814814815,32.0
19,3,2026-02-03 20:54:57.270619,147,1.98,3.29,0.099,533,0.58,93,1,34.53018003621372,0.10000000000000009,1.0071108127079074,0.2752808988764045,-13.0
19,3,2026-02-03 20:59:57.270629,160,2.1,3.38,0.114,544,0.53,100,2,16.09347693943105,0.1200000000000001,1.1597033600878932,0.29357798165137616,18.0
19,3,2026-02-03 21:04:57.270639,142,2.4,3.16,0.151,613,0.59,106,2,9.291573243177512,0.2999999999999998,1.5360983102918584,0.23127035830618892,-4.0
19,3,2026-02-03 21:09:57.270649,146,2.51,3.86,0.156,659,0.78,113,2,9.451631252505162,0.10999999999999988,1.5869624927518537,0.22121212121212122,20.0
19,3,2026-02-03 21:14:57.270660,126,3.13,5.09,0.167,696,0.96,120,2,10.583005244258317,0.6200000000000001,1.6988636941638435,0.18077474892395984,0.0
19,4,2026-02-03 20:29:57.270677,249,0.46,1.03,0.001,316,0.54,60,0,0.0,0.0,0.010672244693226326,0.7854889589905363,18.0
19,4,2026-02-03 20:34:57.270687,231,0.85,2.0,0.045,347,0.26,66,0,0.0,0.38999999999999996,0.48025101119518465,0.6637931034482759,0.0
19,4,2026-02-03 20:39:57.270697,231,1.14,1.88,0.057,398,0.41,73,0,10.392304845413264,0.2899999999999999,0.6083179475139006,0.5789473684210527,18.0
19,4,2026-02-03 20:44:57.270708,213,1.28,2.61,0.076,420,0.67,80,1,10.392304845413264,0.14000000000000012,0.8110905966852007,0.505938242280285,25.0
19,4,2026-02-03 20:49:57.270718,188,1.49,2.99,0.083,405,0.43,86,1,21.59475244899402,0.20999999999999996,0.8857963095377851,0.4630541871921182,16.0
19,4,2026-02-03 20:54:57.270729,172,1.91,2.45,0.107,552,0.61,93,1,20.663978319771818,0.41999999999999993,1.1419301821752168,0.31103074141048825,8.0
19,4,2026-02-03 20:59:57.270764,164,2.11,3.75,0.133,625,0.58,100,2,12.220201853215556,0.19999999999999996,1.4194085441991013,0.26198083067092653,3.0
19,4,2026-02-03 21:04:57.270785,161,3.06,3.99,0.139,599,0.79,106,2,5.686240703077279,0.9500000000000002,1.4834420123584593,0.2683333333333333,18.0
19,4,2026-02-03 21:09:57.270797,143,2.53,3.27,0.131,649,0.74,113,2,11.35781669160052,-0.5300000000000002,1.3980640548126486,0.22,10.0
19,4,2026-02-03 21:14:57.270808,133,2.67,4.5,0.165,684,0.99,120,2,14.18919776919515,0.14000000000000012,1.7609203743823438,0.19416058394160585,0.0
